symbol,date,open,high,low,close,adj_close,volume
BHARTIARTL,2025-03-09 18:30:00,1640.0,1654.9,1626.6,1630.95,1630.95,3778450
BHARTIARTL,2025-03-09 18:30:00,1630.7,1630.7,1630.7,1630.7,1630.7,939574
BHARTIARTL,2025-03-06 18:30:00,1629.0,1642.4,1615.6,1630.7,1630.7,3035558
BHARTIARTL,2025-03-05 18:30:00,1618.0,1631.75,1590.45,1626.9,1626.9,5174009
BHARTIARTL,2025-03-04 18:30:00,1578.0,1626.1,1577.1,1618.25,1618.25,6295425
BHARTIARTL,2025-03-03 18:30:00,1589.0,1590.5,1568.0,1575.35,1575.35,5219668
SBIN,2025-03-09 18:30:00,732.75,738.5,726.6,728.9,728.9,7400109
SBIN,2025-03-06 18:30:00,732.05,734.85,728.0,732.75,732.75,7246729
SBIN,2025-03-05 18:30:00,736.0,736.75,727.0,732.05,732.05,10928847
SBIN,2025-03-04 18:30:00,717.55,731.3,717.0,730.35,730.35,10409805
SBIN,2025-03-03 18:30:00,693.0,718.45,692.1,716.05,716.05,14386214
ADANIENT,2025-03-09 18:30:00,2245.0,2288.0,2220.0,2228.3,2228.3,940113
ADANIENT,2025-03-06 18:30:00,2249.95,2267.65,2227.0,2247.5,2247.5,818806
ADANIENT,2025-03-05 18:30:00,2260.0,2268.9,2226.15,2252.85,2252.85,890270
ADANIENT,2025-03-04 18:30:00,2153.95,2258.4,2148.05,2245.85,2245.85,1370106
ADANIENT,2025-03-03 18:30:00,2085.1,2154.0,2080.0,2144.8,2144.8,852978
TMPV,2025-03-09 18:30:00,648.3,654.25,643.35,648.15,648.15,10309166
TMPV,2025-03-06 18:30:00,640.0,651.5,635.0,648.3,648.3,10123450
TMPV,2025-03-05 18:30:00,653.25,655.95,635.6,639.65,639.65,16991501
TMPV,2025-03-04 18:30:00,619.0,641.6,618.6,640.8,640.8,12373061
TMPV,2025-03-03 18:30:00,613.45,629.15,613.0,619.2,619.2,11878225
RELIANCE,2025-03-09 18:30:00,1245.0,1258.0,1235.4,1238.4,1238.4,11931051
RELIANCE,2025-03-06 18:30:00,1216.0,1254.8,1212.0,1249.8,1249.8,16474965
RELIANCE,2025-03-05 18:30:00,1197.0,1213.95,1185.15,1209.6,1209.6,14468014
RELIANCE,2025-03-04 18:30:00,1161.0,1183.0,1157.0,1175.6,1175.6,8664095
RELIANCE,2025-03-03 18:30:00,1162.2,1174.0,1159.55,1161.9,1161.9,11377373
MUTHOOTFIN,2025-03-09 18:30:00,2169.45,2229.5,2168.1,2184.6,2184.6,602812
MUTHOOTFIN,2025-03-06 18:30:00,2165.25,2185.5,2150.25,2179.45,2179.45,472598
MUTHOOTFIN,2025-03-05 18:30:00,2144.8,2186.15,2132.25,2176.85,2176.85,810783
MUTHOOTFIN,2025-03-04 18:30:00,2151.75,2164.95,2107.1,2125.9,2125.9,521020
MUTHOOTFIN,2025-03-03 18:30:00,2143.25,2158.75,2118.9,2151.75,2151.75,618729
BSE,2025-03-09 18:30:00,4170.0,4233.8,3976.05,3998.95,3998.95,4172387
BSE,2025-03-06 18:30:00,4229.9,4324.8,4162.05,4178.3,4178.3,3680483
BSE,2025-03-05 18:30:00,4380.0,4383.75,4215.0,4253.45,4253.45,4893825
BSE,2025-03-04 18:30:00,4300.0,4372.65,4035.1,4299.1,4299.1,10904577
BSE,2025-03-03 18:30:00,4282.1,4564.95,4187.0,4453.65,4453.65,6417317
ADANIGREEN,2025-03-09 18:30:00,840.9,871.0,823.25,826.05,826.05,6595111
ADANIGREEN,2025-03-06 18:30:00,840.0,847.3,823.15,837.2,837.2,6078435
ADANIGREEN,2025-03-05 18:30:00,868.8,872.45,836.0,845.95,845.95,10166566
ADANIGREEN,2025-03-04 18:30:00,769.0,857.9,769.0,848.7,848.7,17902240
ADANIGREEN,2025-03-03 18:30:00,783.2,796.65,765.6,768.55,768.55,7726332
HDFCBANK,2025-03-09 18:30:00,1689.0,1699.9,1683.05,1687.5,1687.5,7802025
HDFCBANK,2025-03-06 18:30:00,1682.0,1701.15,1677.6,1689.25,1689.25,6686457
HDFCBANK,2025-03-05 18:30:00,1687.0,1699.9,1672.25,1691.2,1691.2,16483044
HDFCBANK,2025-03-04 18:30:00,1701.95,1710.8,1688.25,1690.0,1690.0,10791936
HDFCBANK,2025-03-03 18:30:00,1698.0,1714.3,1693.25,1710.0,1710.0,9960479
MCX,2025-03-09 18:30:00,4664.05,4739.8,4490.0,4520.55,4520.55,381754
MCX,2025-03-06 18:30:00,4641.2,4769.0,4626.75,4664.05,4664.05,379704
MCX,2025-03-05 18:30:00,4754.0,4813.0,4639.95,4662.7,4662.7,341857
MCX,2025-03-04 18:30:00,4600.05,4754.6,4528.85,4703.6,4703.6,553302
MCX,2025-03-03 18:30:00,4625.1,4705.2,4552.1,4616.1,4616.1,679875
INFY,2025-03-09 18:30:00,1686.0,1719.0,1676.2,1701.45,1701.45,7558981
INFY,2025-03-06 18:30:00,1703.1,1705.0,1675.5,1686.0,1686.0,8019331
INFY,2025-03-05 18:30:00,1715.0,1722.3,1691.1,1715.85,1715.85,10610547
INFY,2025-03-04 18:30:00,1692.45,1732.95,1692.45,1711.5,1711.5,8180782
INFY,2025-03-03 18:30:00,1695.0,1699.0,1670.0,1688.3,1688.3,6759673
ICICIBANK,2025-03-09 18:30:00,1208.0,1225.8,1208.0,1214.85,1214.85,7363437
ICICIBANK,2025-03-06 18:30:00,1211.1,1217.85,1206.3,1214.55,1214.55,6620284
ICICIBANK,2025-03-05 18:30:00,1227.95,1227.95,1209.0,1218.05,1218.05,11949475
ICICIBANK,2025-03-04 18:30:00,1217.0,1225.95,1211.3,1215.7,1215.7,9052846
ICICIBANK,2025-03-03 18:30:00,1207.15,1216.65,1206.25,1210.4,1210.4,9574490
HAL,2025-03-09 18:30:00,3452.05,3538.95,3410.0,3417.9,3417.9,2150456
HAL,2025-03-06 18:30:00,3418.65,3502.0,3371.65,3452.05,3452.05,1732838
HAL,2025-03-05 18:30:00,3472.0,3497.0,3405.25,3417.7,3417.7,1331348
HAL,2025-03-04 18:30:00,3313.0,3435.95,3295.95,3424.5,3424.5,1884731
HAL,2025-03-03 18:30:00,3162.0,3330.0,3108.95,3311.15,3311.15,2598027
ADANIPORTS,2025-03-09 18:30:00,1146.0,1168.65,1136.95,1142.9,1142.9,2430740
ADANIPORTS,2025-03-06 18:30:00,1136.2,1156.95,1134.1,1144.5,1144.5,2211623
ADANIPORTS,2025-03-05 18:30:00,1118.2,1148.75,1101.85,1136.2,1136.2,4020627
ADANIPORTS,2025-03-04 18:30:00,1056.8,1118.65,1055.0,1112.7,1112.7,3785743
ADANIPORTS,2025-03-03 18:30:00,1047.95,1063.0,1036.5,1057.95,1057.95,1788886
DIXON,2025-03-09 18:30:00,13911.25,14087.95,13053.0,13131.15,13131.15,448512
DIXON,2025-03-06 18:30:00,14262.15,14335.75,13860.0,13911.25,13911.25,201480
DIXON,2025-03-05 18:30:00,14650.0,14697.45,14209.05,14256.25,14256.25,237768
DIXON,2025-03-04 18:30:00,14190.3,14710.0,14146.9,14497.45,14497.45,233552
DIXON,2025-03-03 18:30:00,13850.05,14295.0,13812.05,14190.35,14190.35,204809
TCS,2025-03-09 18:30:00,3606.5,3622.1,3582.6,3589.65,3589.65,1004626
TCS,2025-03-06 18:30:00,3600.0,3625.0,3574.4,3611.2,3611.2,2051315
TCS,2025-03-05 18:30:00,3557.0,3609.45,3536.1,3601.6,3601.6,2786513
TCS,2025-03-04 18:30:00,3520.85,3600.35,3520.85,3547.05,3547.05,2501894
TCS,2025-03-03 18:30:00,3474.0,3551.0,3464.3,3532.05,3532.05,2797737
KOTAKBANK,2025-03-09 18:30:00,1932.5,1940.05,1916.35,1921.75,1921.75,2228534
KOTAKBANK,2025-03-06 18:30:00,1917.0,1940.6,1910.05,1935.4,1935.4,2780338
KOTAKBANK,2025-03-05 18:30:00,1944.0,1944.95,1909.85,1921.7,1921.7,5193093
KOTAKBANK,2025-03-04 18:30:00,1903.1,1953.65,1895.4,1933.1,1933.1,3811688
KOTAKBANK,2025-03-03 18:30:00,1901.15,1916.0,1896.75,1907.8,1907.8,3172050
TATASTEEL,2025-03-09 18:30:00,151.56,154.24,150.41,151.05,151.05,54450331
TATASTEEL,2025-03-06 18:30:00,149.74,152.45,149.27,151.56,151.56,81821791
TATASTEEL,2025-03-05 18:30:00,146.79,152.2,146.2,150.44,150.44,79121467
TATASTEEL,2025-03-04 18:30:00,139.0,146.49,139.0,146.1,146.1,62109377
TATASTEEL,2025-03-03 18:30:00,136.15,140.94,135.81,139.34,139.34,28634645
UNITDSPR,2025-03-09 18:30:00,1316.0,1344.5,1308.9,1313.1,1313.1,613699
UNITDSPR,2025-03-06 18:30:00,1339.1,1340.9,1323.0,1327.85,1327.85,265595
UNITDSPR,2025-03-05 18:30:00,1330.2,1336.25,1320.15,1332.85,1332.85,275303
UNITDSPR,2025-03-04 18:30:00,1288.9,1326.85,1288.0,1320.2,1320.2,621963
UNITDSPR,2025-03-03 18:30:00,1302.05,1302.05,1271.1,1288.0,1288.0,516071
ADANIENSOL,2025-03-09 18:30:00,747.0,790.0,738.0,759.1,759.1,6861685
ADANIENSOL,2025-03-06 18:30:00,730.0,753.9,724.0,747.6,747.6,2622387
ADANIENSOL,2025-03-05 18:30:00,719.0,746.6,707.6,733.25,733.25,4897354
ADANIENSOL,2025-03-04 18:30:00,647.0,731.5,646.0,709.45,709.45,6265335
ADANIENSOL,2025-03-03 18:30:00,649.45,660.6,641.15,646.65,646.65,1074477
JSWSTEEL,2025-03-09 18:30:00,1011.15,1032.75,1010.25,1013.5,1013.5,1855010
JSWSTEEL,2025-03-06 18:30:00,1011.0,1020.4,1005.55,1011.15,1011.15,759943
JSWSTEEL,2025-03-05 18:30:00,1013.0,1016.2,997.1,1011.1,1011.1,2203409
JSWSTEEL,2025-03-04 18:30:00,975.0,1008.0,970.9,1002.7,1002.7,2472192
JSWSTEEL,2025-03-03 18:30:00,960.0,978.1,959.95,974.1,974.1,1077034
HINDALCO,2025-03-09 18:30:00,689.8,709.3,686.5,689.15,689.15,10707412
HINDALCO,2025-03-06 18:30:00,678.6,694.6,678.6,691.35,691.35,8142832
HINDALCO,2025-03-05 18:30:00,664.95,687.6,661.85,681.95,681.95,10993614
HINDALCO,2025-03-04 18:30:00,638.0,662.5,638.0,657.35,657.35,7876653
HINDALCO,2025-03-03 18:30:00,628.0,643.85,624.1,641.65,641.65,4430660
M&M,2025-03-09 18:30:00,2695.0,2734.65,2665.1,2702.6,2702.6,2520931
M&M,2025-03-06 18:30:00,2721.3,2765.95,2708.1,2727.85,2727.85,1886774
M&M,2025-03-05 18:30:00,2748.0,2766.85,2695.0,2742.4,2742.4,3706264
M&M,2025-03-04 18:30:00,2661.95,2736.9,2642.65,2726.6,2726.6,3665710
M&M,2025-03-03 18:30:00,2561.0,2627.3,2550.0,2613.35,2613.35,1984876
SHRIRAMFIN,2025-03-09 18:30:00,631.55,641.5,622.85,625.6,625.6,4906168
SHRIRAMFIN,2025-03-06 18:30:00,644.35,647.65,627.45,630.85,630.85,5829062
SHRIRAMFIN,2025-03-05 18:30:00,638.8,650.8,637.0,644.35,644.35,8075827
SHRIRAMFIN,2025-03-04 18:30:00,626.6,637.5,621.5,631.3,631.3,9532495
SHRIRAMFIN,2025-03-03 18:30:00,618.6,635.4,613.4,632.9,632.9,5369562
BAJAJFINSV,2025-03-09 18:30:00,1844.75,1888.75,1835.0,1840.35,1840.35,1703046
BAJAJFINSV,2025-03-06 18:30:00,1845.15,1865.55,1836.5,1845.3,1845.3,1332323
BAJAJFINSV,2025-03-05 18:30:00,1818.8,1853.0,1784.1,1845.45,1845.45,2176883
BAJAJFINSV,2025-03-04 18:30:00,1787.0,1808.8,1733.0,1801.8,1801.8,2143253
BAJAJFINSV,2025-03-03 18:30:00,1829.75,1833.5,1785.25,1790.3,1790.3,1443339
HINDPETRO,2025-03-09 18:30:00,336.5,344.0,324.25,325.8,325.8,7154245
HINDPETRO,2025-03-06 18:30:00,338.9,339.05,330.15,332.45,332.45,3825464
HINDPETRO,2025-03-05 18:30:00,334.7,342.4,331.8,339.15,339.15,12790937
HINDPETRO,2025-03-04 18:30:00,314.05,334.5,314.05,326.15,326.15,12406494
HINDPETRO,2025-03-03 18:30:00,294.1,316.4,290.1,315.2,315.2,7276713
ATGL,2025-03-09 18:30:00,607.9,625.8,599.55,605.75,605.75,1147590
ATGL,2025-03-06 18:30:00,596.75,609.5,591.25,607.2,607.2,828175
ATGL,2025-03-05 18:30:00,589.25,602.5,583.3,595.9,595.9,1180803
ATGL,2025-03-04 18:30:00,545.0,600.0,544.35,589.9,589.9,2608015
ATGL,2025-03-03 18:30:00,549.95,558.0,537.2,547.15,547.15,621261
GRASIM,2025-03-09 18:30:00,2407.25,2425.0,2373.3,2383.95,2383.95,650796
GRASIM,2025-03-06 18:30:00,2380.0,2415.0,2380.0,2407.25,2407.25,317388
GRASIM,2025-03-05 18:30:00,2401.65,2415.0,2353.5,2393.65,2393.65,754593
GRASIM,2025-03-04 18:30:00,2404.0,2408.95,2376.35,2391.65,2391.65,755361
GRASIM,2025-03-03 18:30:00,2356.0,2404.2,2351.6,2394.65,2394.65,521061
LUPIN,2025-03-09 18:30:00,2049.8,2080.1,2002.05,2010.4,2010.4,1122775
LUPIN,2025-03-06 18:30:00,2020.0,2047.65,2004.0,2030.0,2030.0,937498
LUPIN,2025-03-05 18:30:00,2021.4,2034.0,2006.05,2018.5,2018.5,515993
LUPIN,2025-03-04 18:30:00,1941.1,2018.4,1936.85,2010.1,2010.1,715504
LUPIN,2025-03-03 18:30:00,1940.0,1965.25,1925.1,1953.2,1953.2,575821
AXISBANK,2025-03-09 18:30:00,1036.0,1050.5,1032.35,1035.85,1035.85,5995655
AXISBANK,2025-03-06 18:30:00,1033.7,1050.35,1030.7,1037.65,1037.65,7597321
AXISBANK,2025-03-05 18:30:00,1022.6,1039.5,1015.15,1034.1,1034.1,7861120
AXISBANK,2025-03-04 18:30:00,1003.0,1017.4,1002.55,1014.45,1014.45,5133873
AXISBANK,2025-03-03 18:30:00,1001.1,1011.1,998.6,1001.8,1001.8,5786420
PERSISTENT,2025-03-09 18:30:00,5279.45,5309.0,5120.0,5167.0,5167.0,233490
PERSISTENT,2025-03-06 18:30:00,5270.0,5323.15,5168.0,5278.8,5278.8,370208
PERSISTENT,2025-03-05 18:30:00,5431.2,5492.7,5267.9,5303.25,5303.25,701133
PERSISTENT,2025-03-04 18:30:00,5085.05,5466.0,5085.05,5391.1,5391.1,890952
PERSISTENT,2025-03-03 18:30:00,5186.7,5225.2,5085.05,5153.0,5153.0,527077
BIOCON,2025-03-09 18:30:00,335.0,337.1,326.5,328.15,328.15,1955824
BIOCON,2025-03-06 18:30:00,335.8,338.9,331.9,333.7,333.7,3889175
BIOCON,2025-03-05 18:30:00,326.85,334.65,324.3,333.0,333.0,3181206
BIOCON,2025-03-04 18:30:00,317.75,325.95,316.75,324.85,324.85,5199973
BIOCON,2025-03-03 18:30:00,303.8,315.65,297.4,314.8,314.8,3678170
TITAN,2025-03-09 18:30:00,3080.0,3083.0,3021.1,3026.8,3026.8,855408
TITAN,2025-03-06 18:30:00,3121.1,3124.6,3074.65,3079.35,3079.35,1020056
TITAN,2025-03-05 18:30:00,3091.2,3131.65,3047.0,3121.1,3121.1,1399483
TITAN,2025-03-04 18:30:00,3048.5,3107.45,3035.7,3086.55,3086.55,579883
TITAN,2025-03-03 18:30:00,3050.0,3070.0,3017.0,3048.5,3048.5,1186136
DRREDDY,2025-03-09 18:30:00,1134.95,1137.15,1115.4,1120.2,1120.2,950503
DRREDDY,2025-03-06 18:30:00,1140.1,1145.2,1130.0,1133.25,1133.25,790599
DRREDDY,2025-03-05 18:30:00,1135.0,1145.7,1118.65,1140.1,1140.1,1648697
DRREDDY,2025-03-04 18:30:00,1120.5,1129.0,1110.55,1126.4,1126.4,1260157
DRREDDY,2025-03-03 18:30:00,1111.1,1124.15,1105.05,1120.15,1120.15,1074133
HUDCO,2025-03-09 18:30:00,183.5,185.37,178.0,178.88,178.88,5745943
HUDCO,2025-03-06 18:30:00,182.59,185.85,180.6,182.27,182.27,5314444
HUDCO,2025-03-05 18:30:00,181.0,183.93,179.96,182.84,182.84,8718831
HUDCO,2025-03-04 18:30:00,169.45,179.22,169.0,177.43,177.43,9221754
HUDCO,2025-03-03 18:30:00,163.5,170.79,162.36,168.78,168.78,6306039
HCLTECH,2025-03-09 18:30:00,1557.0,1572.45,1547.0,1549.3,1549.3,1855766
HCLTECH,2025-03-06 18:30:00,1582.65,1587.0,1555.6,1557.95,1557.95,2091986
HCLTECH,2025-03-05 18:30:00,1580.0,1594.7,1575.15,1585.45,1585.45,2011489
HCLTECH,2025-03-04 18:30:00,1532.0,1581.4,1531.05,1572.95,1572.95,3112003
HCLTECH,2025-03-03 18:30:00,1560.0,1560.0,1523.0,1535.5,1535.5,3246644
COFORGE,2025-03-09 18:30:00,7692.0,7707.1,7480.8,7534.55,7534.55,265029
COFORGE,2025-03-06 18:30:00,7595.0,7740.0,7460.35,7707.25,7707.25,707188
COFORGE,2025-03-05 18:30:00,7853.25,7940.0,7571.8,7625.15,7625.15,1051611
COFORGE,2025-03-04 18:30:00,7531.05,8006.0,7500.0,7814.2,7814.2,3394198
COFORGE,2025-03-03 18:30:00,7300.0,7389.9,7142.6,7212.4,7212.4,426659
SUNPHARMA,2025-03-09 18:30:00,1621.95,1641.45,1602.75,1611.5,1611.5,1600589
SUNPHARMA,2025-03-06 18:30:00,1624.0,1628.75,1605.65,1609.3,1609.3,980890
SUNPHARMA,2025-03-05 18:30:00,1598.25,1617.9,1572.55,1614.0,1614.0,2458676
SUNPHARMA,2025-03-04 18:30:00,1564.6,1586.3,1553.05,1582.45,1582.45,2428171
SUNPHARMA,2025-03-03 18:30:00,1585.0,1590.0,1556.0,1566.5,1566.5,1717135
POWERINDIA,2025-03-09 18:30:00,12800.0,13091.1,12600.8,12714.8,12714.8,81163
POWERINDIA,2025-03-06 18:30:00,13543.7,13639.2,12900.0,13049.35,13049.35,111677
POWERINDIA,2025-03-05 18:30:00,13447.4,13955.0,13272.45,13613.0,13613.0,277267
POWERINDIA,2025-03-04 18:30:00,12205.5,13300.0,12201.05,13191.1,13191.1,203286
POWERINDIA,2025-03-03 18:30:00,11600.0,12342.85,11475.0,12187.35,12187.35,133116
BPCL,2025-03-09 18:30:00,261.26,265.96,256.06,256.93,256.93,8487911
BPCL,2025-03-06 18:30:00,264.96,265.79,260.0,261.26,261.26,7057204
BPCL,2025-03-05 18:30:00,260.0,265.95,259.0,265.04,265.04,12828381
BPCL,2025-03-04 18:30:00,249.9,256.93,249.9,255.84,255.84,7802519
BPCL,2025-03-03 18:30:00,241.0,250.94,236.1,249.92,249.92,7201075
TVSMOTOR,2025-03-09 18:30:00,2332.9,2341.4,2245.0,2257.25,2257.25,480419
TVSMOTOR,2025-03-06 18:30:00,2332.0,2359.1,2307.7,2332.9,2332.9,683846
TVSMOTOR,2025-03-05 18:30:00,2358.0,2358.0,2292.55,2319.5,2319.5,651917
TVSMOTOR,2025-03-04 18:30:00,2308.6,2347.4,2280.5,2330.7,2330.7,695924
TVSMOTOR,2025-03-03 18:30:00,2289.95,2335.0,2252.3,2293.9,2293.9,1208564
OFSS,2025-03-09 18:30:00,7566.75,7606.6,7360.0,7388.3,7388.3,186586
OFSS,2025-03-06 18:30:00,7752.0,7769.95,7527.0,7569.1,7569.1,307003
OFSS,2025-03-05 18:30:00,8050.0,8080.0,7778.0,7824.9,7824.9,156271
OFSS,2025-03-04 18:30:00,7635.75,8000.0,7635.75,7920.45,7920.45,199318
OFSS,2025-03-03 18:30:00,7790.0,7920.05,7620.5,7634.45,7634.45,138586
MARUTI,2025-03-09 18:30:00,11600.0,11697.9,11533.65,11586.05,11586.05,153894
MARUTI,2025-03-06 18:30:00,11650.0,11742.3,11601.0,11664.15,11664.15,259055
MARUTI,2025-03-05 18:30:00,11701.0,11729.5,11480.0,11666.4,11666.4,315309
MARUTI,2025-03-04 18:30:00,11605.0,11830.0,11568.35,11617.35,11617.35,349730
MARUTI,2025-03-03 18:30:00,11690.0,11724.25,11591.0,11616.25,11616.25,255726
POLICYBZR,2025-03-09 18:30:00,1393.5,1448.0,1386.25,1425.4,1425.4,1852710
POLICYBZR,2025-03-06 18:30:00,1410.0,1433.95,1389.0,1397.8,1397.8,906953
POLICYBZR,2025-03-05 18:30:00,1426.25,1441.25,1399.6,1406.7,1406.7,1024878
POLICYBZR,2025-03-04 18:30:00,1391.0,1421.3,1364.0,1409.65,1409.65,3408547
POLICYBZR,2025-03-03 18:30:00,1425.55,1485.5,1397.0,1413.85,1413.85,1937109
MANKIND,2025-03-09 18:30:00,2326.95,2326.95,2250.0,2259.3,2259.3,319034
MANKIND,2025-03-06 18:30:00,2279.95,2335.65,2253.15,2316.05,2316.05,635714
MANKIND,2025-03-05 18:30:00,2332.0,2338.4,2265.55,2274.3,2274.3,491198
MANKIND,2025-03-04 18:30:00,2272.45,2302.85,2265.0,2288.15,2288.15,420036
MANKIND,2025-03-03 18:30:00,2329.85,2351.7,2264.05,2284.1,2284.1,478696
VOLTAS,2025-03-09 18:30:00,1404.0,1434.8,1390.65,1397.75,1397.75,1552435
VOLTAS,2025-03-06 18:30:00,1414.8,1417.95,1380.0,1405.45,1405.45,1234800
VOLTAS,2025-03-05 18:30:00,1410.0,1421.55,1388.4,1406.25,1406.25,1637524
VOLTAS,2025-03-04 18:30:00,1410.0,1417.75,1381.85,1387.8,1387.8,2467014
VOLTAS,2025-03-03 18:30:00,1374.9,1425.0,1363.9,1409.55,1409.55,4297483
LT,2025-03-09 18:30:00,3246.0,3246.3,3169.05,3177.7,3177.7,1777752
LT,2025-03-06 18:30:00,3259.9,3289.0,3240.1,3244.7,3244.7,930240
LT,2025-03-05 18:30:00,3250.1,3266.45,3215.0,3259.9,3259.9,1854837
LT,2025-03-04 18:30:00,3213.0,3245.0,3187.85,3239.65,3239.65,1945855
LT,2025-03-03 18:30:00,3171.05,3221.0,3167.8,3213.0,3213.0,1442098
BEL,2025-03-09 18:30:00,278.6,283.47,271.55,272.33,272.33,20986855
BEL,2025-03-06 18:30:00,275.8,279.73,274.0,276.99,276.99,25542382
BEL,2025-03-05 18:30:00,276.21,281.0,271.83,272.95,272.95,22586087
BEL,2025-03-04 18:30:00,265.0,275.8,263.33,274.92,274.92,28499877
BEL,2025-03-03 18:30:00,253.89,266.5,252.5,264.71,264.71,24998454
TATACONSUM,2025-03-09 18:30:00,960.0,969.3,953.0,957.3,957.3,1660207
TATACONSUM,2025-03-06 18:30:00,957.0,967.4,950.15,962.05,962.05,945675
TATACONSUM,2025-03-05 18:30:00,964.0,965.0,943.05,958.15,958.15,2421530
TATACONSUM,2025-03-04 18:30:00,948.5,965.95,948.0,956.8,956.8,2773457
TATACONSUM,2025-03-03 18:30:00,945.1,957.85,943.15,954.55,954.55,1916433
TECHM,2025-03-09 18:30:00,1492.35,1500.0,1482.5,1486.85,1486.85,798491
TECHM,2025-03-06 18:30:00,1501.95,1507.2,1482.0,1492.35,1492.35,893696
TECHM,2025-03-05 18:30:00,1541.0,1550.8,1500.95,1503.45,1503.45,2246380
TECHM,2025-03-04 18:30:00,1488.25,1549.0,1487.5,1538.1,1538.1,1967418
TECHM,2025-03-03 18:30:00,1475.0,1499.45,1433.05,1488.25,1488.25,2386196
BAJFINANCE,2025-03-09 18:30:00,8437.75,8637.9,8326.05,8342.6,8342.6,1016453
BAJFINANCE,2025-03-06 18:30:00,8409.9,8470.0,8366.45,8404.5,8404.5,472946
BAJFINANCE,2025-03-05 18:30:00,8365.0,8459.8,8275.55,8410.85,8410.85,881422
BAJFINANCE,2025-03-04 18:30:00,8455.0,8500.0,8221.0,8298.7,8298.7,1630092
BAJFINANCE,2025-03-03 18:30:00,8522.2,8619.3,8513.65,8585.95,8585.95,765506
TRENT,2025-03-09 18:30:00,4990.0,4997.85,4787.75,4799.7,4799.7,1217553
TRENT,2025-03-06 18:30:00,5075.0,5099.95,4985.0,4999.85,4999.85,690809
TRENT,2025-03-05 18:30:00,5174.5,5174.5,4970.95,5069.5,5069.5,1499675
TRENT,2025-03-04 18:30:00,4987.0,5320.0,4987.0,5106.1,5106.1,2128488
TRENT,2025-03-03 18:30:00,4898.9,5069.9,4865.7,4999.8,4999.8,898723
ULTRACEMCO,2025-03-09 18:30:00,10589.0,10645.6,10477.0,10520.1,10520.1,165649
ULTRACEMCO,2025-03-06 18:30:00,10501.0,10609.6,10446.7,10582.4,10582.4,302339
ULTRACEMCO,2025-03-05 18:30:00,10539.8,10540.0,10317.2,10493.5,10493.5,365920
ULTRACEMCO,2025-03-04 18:30:00,10387.9,10506.8,10295.25,10464.2,10464.2,310832
ULTRACEMCO,2025-03-03 18:30:00,10250.0,10454.8,10240.0,10370.1,10370.1,352922
LTM,2025-03-09 18:30:00,4732.95,4780.0,4662.7,4670.95,4670.95,253711
LTM,2025-03-06 18:30:00,4814.05,4814.05,4697.35,4721.95,4721.95,324150
LTM,2025-03-05 18:30:00,4804.05,4847.0,4783.45,4823.1,4823.1,331678
LTM,2025-03-04 18:30:00,4669.0,4814.65,4669.0,4773.5,4773.5,437483
LTM,2025-03-03 18:30:00,4714.0,4781.0,4640.0,4685.0,4685.0,456566
CUMMINSIND,2025-03-09 18:30:00,2893.0,2934.95,2842.55,2864.45,2864.45,434718
CUMMINSIND,2025-03-06 18:30:00,2983.7,2990.3,2891.6,2899.05,2899.05,280406
CUMMINSIND,2025-03-05 18:30:00,2922.0,3050.0,2912.65,2973.1,2973.1,1201264
CUMMINSIND,2025-03-04 18:30:00,2861.1,2910.0,2822.85,2903.95,2903.95,541007
CUMMINSIND,2025-03-03 18:30:00,2782.0,2876.15,2758.15,2861.1,2861.1,614448
DIVISLAB,2025-03-09 18:30:00,5578.75,5631.65,5486.85,5514.25,5514.25,281666
DIVISLAB,2025-03-06 18:30:00,5553.3,5619.8,5528.4,5578.75,5578.75,187672
DIVISLAB,2025-03-05 18:30:00,5549.95,5645.95,5549.95,5568.7,5568.7,280218
DIVISLAB,2025-03-04 18:30:00,5460.0,5563.05,5460.0,5516.55,5516.55,392202
DIVISLAB,2025-03-03 18:30:00,5500.0,5556.95,5457.85,5517.7,5517.7,142095
LAURUSLABS,2025-03-09 18:30:00,571.0,577.9,556.05,559.0,559.0,2659784
LAURUSLABS,2025-03-06 18:30:00,583.8,583.8,567.6,570.85,570.85,1692575
LAURUSLABS,2025-03-05 18:30:00,570.0,586.55,569.45,580.55,580.55,1870639
LAURUSLABS,2025-03-04 18:30:00,540.1,568.25,536.15,566.5,566.5,2486341
LAURUSLABS,2025-03-03 18:30:00,527.05,550.0,522.75,545.5,545.5,2006858
NESTLEIND,2025-03-09 18:30:00,2239.2,2274.0,2155.1,2248.4,2248.4,506580
NESTLEIND,2025-03-06 18:30:00,2201.0,2246.0,2191.25,2238.45,2238.45,525606
NESTLEIND,2025-03-05 18:30:00,2187.0,2216.4,2170.3,2201.2,2201.2,1257461
NESTLEIND,2025-03-04 18:30:00,2110.0,2209.35,2110.0,2197.0,2197.0,846664
NESTLEIND,2025-03-03 18:30:00,2160.0,2164.1,2118.0,2146.5,2146.5,1042522
COCHINSHIP,2025-03-09 18:30:00,1340.0,1350.0,1288.0,1301.45,1301.45,849285
COCHINSHIP,2025-03-06 18:30:00,1288.15,1355.0,1278.15,1335.85,1335.85,1610855
COCHINSHIP,2025-03-05 18:30:00,1270.0,1301.75,1260.0,1288.2,1288.2,732185
COCHINSHIP,2025-03-04 18:30:00,1264.0,1290.85,1248.95,1265.9,1265.9,825929
COCHINSHIP,2025-03-03 18:30:00,1205.1,1307.9,1205.1,1261.85,1261.85,1787579
SOLARINDS,2025-03-09 18:30:00,9480.1,10008.0,9445.05,9837.1,9837.1,329667
SOLARINDS,2025-03-06 18:30:00,9329.95,9525.0,9315.55,9486.5,9486.5,95337
SOLARINDS,2025-03-05 18:30:00,9370.0,9410.0,9240.0,9386.85,9386.85,110566
SOLARINDS,2025-03-04 18:30:00,9053.0,9291.1,9053.0,9238.35,9238.35,114123
SOLARINDS,2025-03-03 18:30:00,8879.0,9140.0,8759.7,9038.4,9038.4,138848
IDFCFIRSTB,2025-03-09 18:30:00,57.3,57.59,56.0,56.37,56.37,23312506
IDFCFIRSTB,2025-03-06 18:30:00,57.7,58.17,57.0,57.34,57.34,23748724
IDFCFIRSTB,2025-03-05 18:30:00,58.36,58.62,57.69,57.77,57.77,19385683
IDFCFIRSTB,2025-03-04 18:30:00,56.61,58.05,56.61,57.95,57.95,22831309
IDFCFIRSTB,2025-03-03 18:30:00,57.21,57.95,56.36,56.83,56.83,23889634
YESBANK,2025-03-09 18:30:00,16.88,17.02,16.48,16.52,16.52,68621458
YESBANK,2025-03-06 18:30:00,16.96,17.07,16.84,16.88,16.88,61451832
YESBANK,2025-03-05 18:30:00,17.19,17.25,16.93,16.98,16.98,72203818
YESBANK,2025-03-04 18:30:00,16.39,16.98,16.38,16.92,16.92,88590804
YESBANK,2025-03-03 18:30:00,16.24,16.78,16.16,16.34,16.34,143365309
BAJAJ-AUTO,2025-03-09 18:30:00,7573.0,7573.0,7352.0,7383.4,7383.4,495241
BAJAJ-AUTO,2025-03-06 18:30:00,7462.25,7624.0,7451.1,7574.75,7574.75,942308
BAJAJ-AUTO,2025-03-05 18:30:00,7481.0,7500.0,7376.95,7462.25,7462.25,917093
BAJAJ-AUTO,2025-03-04 18:30:00,7332.2,7443.3,7301.0,7420.3,7420.3,749464
BAJAJ-AUTO,2025-03-03 18:30:00,7652.1,7680.0,7317.05,7333.3,7333.3,1078953
POLYCAB,2025-03-09 18:30:00,5079.0,5109.95,4912.55,4940.45,4940.45,372497
POLYCAB,2025-03-06 18:30:00,5075.0,5105.9,4998.7,5063.45,5063.45,370527
POLYCAB,2025-03-05 18:30:00,5144.2,5155.0,5035.55,5076.6,5076.6,535365
POLYCAB,2025-03-04 18:30:00,4900.0,5085.0,4900.0,5071.3,5071.3,1164455
POLYCAB,2025-03-03 18:30:00,4840.0,4964.0,4795.9,4905.15,4905.15,1108919
HINDUNILVR,2025-03-09 18:30:00,2208.0,2267.15,2194.65,2247.75,2247.75,1242387
HINDUNILVR,2025-03-06 18:30:00,2226.7,2226.7,2189.2,2204.55,2204.55,1738356
HINDUNILVR,2025-03-05 18:30:00,2175.0,2229.8,2163.75,2218.95,2218.95,1856868
HINDUNILVR,2025-03-04 18:30:00,2152.0,2191.9,2150.0,2170.45,2170.45,1145673
HINDUNILVR,2025-03-03 18:30:00,2179.95,2180.0,2136.0,2157.35,2157.35,1800330
INDIGO,2025-03-09 18:30:00,4666.0,4706.7,4605.0,4627.55,4627.55,534997
INDIGO,2025-03-06 18:30:00,4796.0,4815.65,4645.95,4657.55,4657.55,843155
INDIGO,2025-03-05 18:30:00,4750.65,4782.45,4659.05,4762.4,4762.4,1390376
INDIGO,2025-03-04 18:30:00,4620.0,4722.1,4608.1,4698.1,4698.1,1344602
INDIGO,2025-03-03 18:30:00,4434.65,4611.0,4417.65,4598.7,4598.7,825683
ZYDUSLIFE,2025-03-09 18:30:00,900.8,911.15,890.0,893.7,893.7,605996
ZYDUSLIFE,2025-03-06 18:30:00,908.1,915.7,895.3,900.8,900.8,663269
ZYDUSLIFE,2025-03-05 18:30:00,923.9,925.0,900.0,907.4,907.4,3024764
ZYDUSLIFE,2025-03-04 18:30:00,876.0,889.55,871.2,887.45,887.45,659121
ZYDUSLIFE,2025-03-03 18:30:00,869.0,874.75,859.85,871.65,871.65,612480
IPCALAB,2025-03-09 18:30:00,1325.0,1357.45,1311.0,1327.0,1327.0,140769
IPCALAB,2025-03-06 18:30:00,1362.15,1366.0,1323.35,1333.1,1333.1,133695
IPCALAB,2025-03-05 18:30:00,1370.0,1396.6,1345.1,1362.15,1362.15,194079
IPCALAB,2025-03-04 18:30:00,1342.55,1370.65,1335.55,1364.8,1364.8,150870
IPCALAB,2025-03-03 18:30:00,1350.95,1350.95,1322.55,1342.55,1342.55,109593
CIPLA,2025-03-09 18:30:00,1458.35,1482.2,1457.0,1462.75,1462.75,905854
CIPLA,2025-03-06 18:30:00,1465.95,1471.1,1451.55,1458.45,1458.45,678497
CIPLA,2025-03-05 18:30:00,1424.95,1464.45,1419.75,1461.75,1461.75,1525159
CIPLA,2025-03-04 18:30:00,1395.1,1431.9,1393.1,1419.75,1419.75,2187830
CIPLA,2025-03-03 18:30:00,1402.45,1405.0,1389.3,1401.8,1401.8,1456530
MAZDOCK,2025-03-09 18:30:00,2344.7,2364.55,2286.9,2302.7,2302.7,1718810
MAZDOCK,2025-03-06 18:30:00,2242.9,2352.95,2223.7,2338.2,2338.2,4654555
MAZDOCK,2025-03-05 18:30:00,2275.0,2299.85,2234.0,2242.4,2242.4,1774308
MAZDOCK,2025-03-04 18:30:00,2170.0,2255.0,2151.05,2246.7,2246.7,2916402
MAZDOCK,2025-03-03 18:30:00,2125.55,2272.0,2123.15,2162.5,2162.5,4105980
APOLLOHOSP,2025-03-09 18:30:00,6206.4,6212.0,6133.9,6149.6,6149.6,266044
APOLLOHOSP,2025-03-06 18:30:00,6292.25,6314.75,6197.3,6216.1,6216.1,299433
APOLLOHOSP,2025-03-05 18:30:00,6255.0,6292.0,6217.05,6274.1,6274.1,284475
APOLLOHOSP,2025-03-04 18:30:00,6200.0,6235.05,6130.65,6214.4,6214.4,345922
APOLLOHOSP,2025-03-03 18:30:00,6133.0,6220.5,6112.3,6188.15,6188.15,445246
HEROMOTOCO,2025-03-09 18:30:00,3653.0,3665.75,3575.7,3582.85,3582.85,675889
HEROMOTOCO,2025-03-06 18:30:00,3664.0,3733.7,3625.0,3652.5,3652.5,621576
HEROMOTOCO,2025-03-05 18:30:00,3629.5,3658.0,3582.7,3648.75,3648.75,654829
HEROMOTOCO,2025-03-04 18:30:00,3515.0,3609.6,3513.5,3588.75,3588.75,611959
HEROMOTOCO,2025-03-03 18:30:00,3625.0,3639.9,3495.0,3514.85,3514.85,946922
GODFRYPHLP,2025-03-09 18:30:00,5345.0,5387.0,5074.0,5109.1,5109.1,66779
GODFRYPHLP,2025-03-06 18:30:00,5480.0,5538.25,5303.75,5326.35,5326.35,115916
GODFRYPHLP,2025-03-05 18:30:00,5245.95,5418.6,5181.2,5418.6,5418.6,140446
GODFRYPHLP,2025-03-04 18:30:00,5194.9,5194.9,5060.3,5160.6,5160.6,90456
GODFRYPHLP,2025-03-03 18:30:00,5000.0,5290.7,4978.25,5126.0,5126.0,174755
KEI,2025-03-09 18:30:00,3235.65,3242.5,3020.0,3030.75,3030.75,716195
KEI,2025-03-06 18:30:00,3277.05,3285.0,3204.0,3223.85,3223.85,454725
KEI,2025-03-05 18:30:00,3310.05,3344.35,3246.05,3287.25,3287.25,585854
KEI,2025-03-04 18:30:00,3129.05,3305.0,3121.25,3287.2,3287.2,1260570
KEI,2025-03-03 18:30:00,3080.0,3169.0,3074.4,3140.85,3140.85,837292
VBL,2025-03-09 18:30:00,487.8,492.35,480.0,481.9,481.9,11965662
VBL,2025-03-06 18:30:00,490.0,490.65,479.0,487.75,487.75,10433984
VBL,2025-03-05 18:30:00,482.5,494.95,477.85,491.35,491.35,12690927
VBL,2025-03-04 18:30:00,480.2,486.2,471.4,476.0,476.0,14097135
VBL,2025-03-03 18:30:00,456.95,480.3,448.0,477.3,477.3,16010754
NTPC,2025-03-09 18:30:00,329.45,334.95,326.3,329.4,329.4,11383132
NTPC,2025-03-06 18:30:00,335.85,338.75,328.7,329.55,329.55,8992315
NTPC,2025-03-05 18:30:00,329.0,338.8,323.2,337.9,337.9,26294903
NTPC,2025-03-04 18:30:00,313.55,327.3,313.5,326.2,326.2,10493615
NTPC,2025-03-03 18:30:00,311.3,314.9,308.0,313.75,313.75,8734999
EICHERMOT,2025-03-09 18:30:00,5123.0,5130.0,4970.65,4990.55,4990.55,316750
EICHERMOT,2025-03-06 18:30:00,5094.4,5131.4,5073.0,5100.7,5100.7,590548
EICHERMOT,2025-03-05 18:30:00,4995.6,5107.1,4995.6,5094.4,5094.4,648307
EICHERMOT,2025-03-04 18:30:00,4808.0,5004.0,4780.9,4988.3,4988.3,551830
EICHERMOT,2025-03-03 18:30:00,4887.0,4887.0,4788.3,4815.1,4815.1,638281
WAAREEENER,2025-03-09 18:30:00,2237.8,2250.0,2125.0,2140.9,2140.9,637758
WAAREEENER,2025-03-06 18:30:00,2204.9,2281.45,2191.4,2226.1,2226.1,828511
WAAREEENER,2025-03-05 18:30:00,2246.0,2254.0,2199.0,2209.9,2209.9,732463
WAAREEENER,2025-03-04 18:30:00,2115.2,2247.0,2115.2,2224.8,2224.8,1415978
WAAREEENER,2025-03-03 18:30:00,2079.85,2164.0,2072.05,2109.45,2109.45,786403
IRFC,2025-03-09 18:30:00,124.1,125.42,118.45,119.75,119.75,21456437
IRFC,2025-03-06 18:30:00,120.99,124.99,119.9,123.42,123.42,31222210
IRFC,2025-03-05 18:30:00,119.51,121.38,118.8,120.59,120.59,23206624
IRFC,2025-03-04 18:30:00,115.1,118.33,114.66,117.73,117.73,21555437
IRFC,2025-03-03 18:30:00,111.2,115.35,110.0,114.59,114.59,42337061
GODREJCP,2025-03-09 18:30:00,1042.0,1063.2,1036.9,1044.0,1044.0,793821
GODREJCP,2025-03-06 18:30:00,1020.1,1053.4,1017.2,1045.3,1045.3,607186
GODREJCP,2025-03-05 18:30:00,998.0,1037.75,998.0,1030.3,1030.3,1863854
GODREJCP,2025-03-04 18:30:00,990.25,1005.9,986.65,991.35,991.35,1621637
GODREJCP,2025-03-03 18:30:00,990.0,997.1,979.5,990.25,990.25,935737
RADICO,2025-03-09 18:30:00,2194.8,2215.0,2175.85,2192.25,2192.25,86049
RADICO,2025-03-06 18:30:00,2209.25,2260.0,2180.0,2194.9,2194.9,267114
RADICO,2025-03-05 18:30:00,2121.85,2240.45,2105.0,2209.25,2209.25,315827
RADICO,2025-03-04 18:30:00,2035.0,2112.0,2030.25,2105.15,2105.15,155405
RADICO,2025-03-03 18:30:00,2044.7,2081.15,2003.05,2051.2,2051.2,172994
HYUNDAI,2025-03-09 18:30:00,1709.0,1712.0,1660.0,1674.5,1674.5,769044
HYUNDAI,2025-03-06 18:30:00,1703.0,1723.1,1703.0,1715.4,1715.4,302079
HYUNDAI,2025-03-05 18:30:00,1720.95,1726.7,1690.1,1717.6,1717.6,729380
HYUNDAI,2025-03-04 18:30:00,1712.85,1732.25,1704.3,1718.1,1718.1,506644
HYUNDAI,2025-03-03 18:30:00,1695.0,1729.95,1688.05,1712.85,1712.85,756354
LICI,2025-03-09 18:30:00,764.0,768.15,748.0,752.05,752.05,773461
LICI,2025-03-06 18:30:00,765.0,772.25,758.5,763.15,763.15,760968
LICI,2025-03-05 18:30:00,768.0,770.0,760.05,766.8,766.8,856309
LICI,2025-03-04 18:30:00,735.7,763.0,735.7,761.8,761.8,1126619
LICI,2025-03-03 18:30:00,727.55,738.5,723.2,733.2,733.2,840575
TATAELXSI,2025-03-09 18:30:00,5659.0,5689.0,5465.0,5503.5,5503.5,106381
TATAELXSI,2025-03-06 18:30:00,5688.0,5689.0,5601.0,5624.15,5624.15,110794
TATAELXSI,2025-03-05 18:30:00,5647.0,5694.35,5603.0,5638.3,5638.3,107832
TATAELXSI,2025-03-04 18:30:00,5410.0,5569.0,5400.15,5553.4,5553.4,141754
TATAELXSI,2025-03-03 18:30:00,5443.0,5481.0,5350.0,5389.05,5389.05,141837
ABB,2025-03-09 18:30:00,5328.0,5410.75,5139.65,5160.3,5160.3,342786
ABB,2025-03-06 18:30:00,5370.0,5370.05,5280.0,5326.55,5326.55,482112
ABB,2025-03-05 18:30:00,5342.0,5432.0,5283.6,5370.0,5370.0,532908
ABB,2025-03-04 18:30:00,5100.0,5356.0,5100.0,5312.3,5312.3,445752
ABB,2025-03-03 18:30:00,5000.0,5212.0,5000.0,5191.4,5191.4,506485
TORNTPHARM,2025-03-09 18:30:00,3056.85,3144.9,3048.5,3071.1,3071.1,328858
TORNTPHARM,2025-03-06 18:30:00,3065.0,3085.0,3046.45,3073.8,3073.8,284470
TORNTPHARM,2025-03-05 18:30:00,2994.85,3069.55,2974.05,3059.0,3059.0,261988
TORNTPHARM,2025-03-04 18:30:00,2930.3,2985.8,2902.25,2978.75,2978.75,195287
TORNTPHARM,2025-03-03 18:30:00,2945.5,2987.2,2919.05,2930.3,2930.3,401576
TIINDIA,2025-03-09 18:30:00,2706.0,2757.0,2684.95,2714.6,2714.6,749279
TIINDIA,2025-03-06 18:30:00,2650.15,2717.0,2642.05,2701.8,2701.8,273725
TIINDIA,2025-03-05 18:30:00,2705.05,2710.95,2615.0,2650.15,2650.15,814424
TIINDIA,2025-03-04 18:30:00,2678.0,2729.0,2660.25,2697.45,2697.45,326866
TIINDIA,2025-03-03 18:30:00,2600.0,2760.0,2580.0,2718.7,2718.7,748292
ENDURANCE,2025-03-09 18:30:00,1882.65,1930.0,1861.5,1882.35,1882.35,95522
ENDURANCE,2025-03-06 18:30:00,1850.8,1922.5,1850.1,1882.65,1882.65,280770
ENDURANCE,2025-03-05 18:30:00,1789.95,1865.0,1789.95,1850.8,1850.8,185961
ENDURANCE,2025-03-04 18:30:00,1753.0,1796.9,1743.85,1787.45,1787.45,104793
ENDURANCE,2025-03-03 18:30:00,1675.0,1787.3,1675.0,1773.3,1773.3,126972
AUBANK,2025-03-09 18:30:00,543.7,551.5,537.0,538.85,538.85,2131103
AUBANK,2025-03-06 18:30:00,553.5,554.65,540.2,544.3,544.3,1916647
AUBANK,2025-03-05 18:30:00,554.0,557.35,548.6,553.2,553.2,1553346
AUBANK,2025-03-04 18:30:00,548.4,551.45,541.25,546.45,546.45,1474686
AUBANK,2025-03-03 18:30:00,550.05,554.8,546.5,548.35,548.35,1313139
AUROPHARMA,2025-03-09 18:30:00,1095.1,1114.9,1087.3,1093.2,1093.2,551628
AUROPHARMA,2025-03-06 18:30:00,1107.8,1118.4,1092.0,1097.4,1097.4,886545
AUROPHARMA,2025-03-05 18:30:00,1108.0,1119.3,1098.85,1114.5,1114.5,516119
AUROPHARMA,2025-03-04 18:30:00,1052.0,1104.95,1050.05,1093.0,1093.0,916437
AUROPHARMA,2025-03-03 18:30:00,1045.05,1064.6,1031.05,1051.75,1051.75,730626
MEDANTA,2025-03-09 18:30:00,1231.8,1247.95,1201.0,1208.9,1208.9,183945
MEDANTA,2025-03-06 18:30:00,1243.1,1260.2,1219.05,1226.2,1226.2,308865
MEDANTA,2025-03-05 18:30:00,1225.0,1259.9,1201.1,1252.95,1252.95,928310
MEDANTA,2025-03-04 18:30:00,1209.75,1224.9,1185.0,1195.55,1195.55,357083
MEDANTA,2025-03-03 18:30:00,1203.0,1222.75,1180.6,1209.75,1209.75,246294
PATANJALI,2025-03-09 18:30:00,1735.4,1760.7,1734.2,1751.6,1751.6,600057
PATANJALI,2025-03-06 18:30:00,1766.5,1766.95,1740.45,1749.65,1749.65,570416
PATANJALI,2025-03-05 18:30:00,1764.5,1778.9,1748.2,1769.85,1769.85,847630
PATANJALI,2025-03-04 18:30:00,1725.0,1769.9,1725.0,1760.15,1760.15,881092
PATANJALI,2025-03-03 18:30:00,1739.95,1746.0,1709.8,1731.95,1731.95,629791
JINDALSTEL,2025-03-09 18:30:00,909.0,933.8,900.6,905.3,905.3,3073227
JINDALSTEL,2025-03-06 18:30:00,912.0,925.05,905.25,908.95,908.95,2083657
JINDALSTEL,2025-03-05 18:30:00,902.0,920.0,894.05,914.6,914.6,3101315
JINDALSTEL,2025-03-04 18:30:00,861.0,896.0,861.0,891.65,891.65,2371535
JINDALSTEL,2025-03-03 18:30:00,854.0,872.0,842.55,867.3,867.3,1266558
BDL,2025-03-09 18:30:00,1135.2,1164.2,1115.35,1143.4,1143.4,1349306
BDL,2025-03-06 18:30:00,1061.9,1148.6,1057.3,1135.2,1135.2,3164621
BDL,2025-03-05 18:30:00,1070.0,1084.9,1051.0,1065.65,1065.65,706462
BDL,2025-03-04 18:30:00,1048.5,1068.95,1030.35,1063.5,1063.5,1043442
BDL,2025-03-03 18:30:00,975.0,1055.0,958.75,1049.3,1049.3,2193751
GVT&D,2025-03-09 18:30:00,1448.0,1483.6,1416.7,1445.1,1445.1,419584
GVT&D,2025-03-06 18:30:00,1399.9,1443.85,1365.8,1423.45,1423.45,673598
GVT&D,2025-03-05 18:30:00,1398.9,1420.0,1369.05,1389.5,1389.5,425923
GVT&D,2025-03-04 18:30:00,1392.5,1415.65,1370.85,1385.25,1385.25,560464
GVT&D,2025-03-03 18:30:00,1300.0,1377.4,1273.3,1360.9,1360.9,334152
CHOLAFIN,2025-03-09 18:30:00,1460.0,1476.35,1411.0,1419.55,1419.55,1482590
CHOLAFIN,2025-03-06 18:30:00,1467.55,1474.0,1449.65,1457.35,1457.35,1722090
CHOLAFIN,2025-03-05 18:30:00,1469.0,1500.0,1450.0,1458.6,1458.6,1086379
CHOLAFIN,2025-03-04 18:30:00,1458.0,1461.9,1394.05,1446.9,1446.9,2724065
CHOLAFIN,2025-03-03 18:30:00,1414.8,1454.25,1387.3,1449.6,1449.6,1971854
HDFCAMC,2025-03-09 18:30:00,3826.15,3857.2,3732.2,3750.1,3750.1,443880
HDFCAMC,2025-03-06 18:30:00,3842.05,3907.1,3820.55,3834.2,3834.2,356115
HDFCAMC,2025-03-05 18:30:00,3883.9,3912.45,3813.05,3842.05,3842.05,431466
HDFCAMC,2025-03-04 18:30:00,3680.05,3880.85,3670.0,3864.3,3864.3,498919
HDFCAMC,2025-03-03 18:30:00,3680.7,3750.0,3653.6,3695.0,3695.0,370819
PFC,2025-03-09 18:30:00,400.5,407.0,393.0,394.25,394.25,7710492
PFC,2025-03-06 18:30:00,404.5,408.0,398.0,401.1,401.1,8363854
PFC,2025-03-05 18:30:00,405.0,408.8,400.1,405.75,405.75,7589546
PFC,2025-03-04 18:30:00,381.5,398.0,381.5,395.75,395.75,10048929
PFC,2025-03-03 18:30:00,374.8,386.9,371.5,383.3,383.3,9721898
PAYTM,2025-03-09 18:30:00,687.0,694.95,661.1,665.25,665.25,4838597
PAYTM,2025-03-06 18:30:00,710.0,713.7,680.25,684.85,684.85,5008551
PAYTM,2025-03-05 18:30:00,715.0,722.7,695.8,706.35,706.35,5897140
PAYTM,2025-03-04 18:30:00,687.0,715.8,687.0,708.9,708.9,6721912
PAYTM,2025-03-03 18:30:00,704.0,727.8,690.0,698.5,698.5,6551953
TATACOMM,2025-03-09 18:30:00,1385.0,1397.95,1361.0,1373.2,1373.2,239890
TATACOMM,2025-03-06 18:30:00,1398.5,1399.95,1376.1,1383.85,1383.85,160240
TATACOMM,2025-03-05 18:30:00,1402.15,1410.0,1392.3,1398.4,1398.4,246884
TATACOMM,2025-03-04 18:30:00,1316.35,1396.75,1313.55,1390.0,1390.0,908298
TATACOMM,2025-03-03 18:30:00,1309.1,1328.0,1291.0,1316.25,1316.25,810532
IREDA,2025-03-09 18:30:00,149.17,150.5,142.94,143.95,143.95,9928538
IREDA,2025-03-06 18:30:00,149.79,153.68,148.22,149.59,149.59,14291801
IREDA,2025-03-05 18:30:00,150.05,152.46,149.0,149.86,149.86,13411147
IREDA,2025-03-04 18:30:00,145.5,149.87,145.5,147.26,147.26,20624159
IREDA,2025-03-03 18:30:00,144.95,151.3,144.01,144.64,144.64,19899282
NYKAA,2025-03-09 18:30:00,164.79,164.8,160.05,162.48,162.48,6733969
NYKAA,2025-03-06 18:30:00,172.0,172.0,164.2,164.79,164.79,11633901
NYKAA,2025-03-05 18:30:00,165.6,169.95,165.27,168.76,168.76,11573529
NYKAA,2025-03-04 18:30:00,162.2,165.99,161.06,165.38,165.38,6022700
NYKAA,2025-03-03 18:30:00,158.95,162.64,154.9,161.75,161.75,4545198
ASIANPAINT,2025-03-09 18:30:00,2270.0,2293.0,2261.85,2278.6,2278.6,1072395
ASIANPAINT,2025-03-06 18:30:00,2267.7,2277.95,2248.0,2270.0,2270.0,921429
ASIANPAINT,2025-03-05 18:30:00,2189.85,2275.0,2183.1,2267.7,2267.7,1985096
ASIANPAINT,2025-03-04 18:30:00,2132.0,2182.8,2124.75,2164.15,2164.15,1535212
ASIANPAINT,2025-03-03 18:30:00,2154.05,2159.85,2124.75,2132.1,2132.1,2181015
SIEMENS,2025-03-09 18:30:00,5106.1,5142.3,4950.0,4974.55,4974.55,332612
SIEMENS,2025-03-06 18:30:00,5161.0,5173.75,5045.6,5106.1,5106.1,587581
SIEMENS,2025-03-05 18:30:00,5145.0,5268.25,5085.8,5160.3,5160.3,848811
SIEMENS,2025-03-04 18:30:00,4931.9,5131.95,4931.9,5085.75,5085.75,732603
SIEMENS,2025-03-03 18:30:00,4739.55,4969.2,4739.55,4931.9,4931.9,582431
KPITTECH,2025-03-09 18:30:00,1305.95,1314.35,1250.0,1254.0,1254.0,621553
KPITTECH,2025-03-06 18:30:00,1326.8,1330.25,1296.25,1305.4,1305.4,708924
KPITTECH,2025-03-05 18:30:00,1300.0,1331.45,1290.05,1326.8,1326.8,1600892
KPITTECH,2025-03-04 18:30:00,1219.0,1298.0,1214.7,1281.75,1281.75,1466330
KPITTECH,2025-03-03 18:30:00,1161.25,1222.25,1161.25,1214.65,1214.65,902775
MAXHEALTH,2025-03-09 18:30:00,980.0,980.5,955.0,964.3,964.3,2613900
MAXHEALTH,2025-03-06 18:30:00,1004.9,1012.7,977.15,980.75,980.75,1323765
MAXHEALTH,2025-03-05 18:30:00,1022.0,1023.45,996.15,999.9,999.9,2676754
MAXHEALTH,2025-03-04 18:30:00,966.5,1024.55,966.5,1021.9,1021.9,3569080
MAXHEALTH,2025-03-03 18:30:00,961.5,1005.05,940.05,988.45,988.45,2637232
360ONE,2025-03-09 18:30:00,972.0,984.0,890.0,895.4,895.4,2325435
360ONE,2025-03-06 18:30:00,965.95,979.8,964.55,972.9,972.9,521682
360ONE,2025-03-05 18:30:00,987.85,992.2,961.0,966.25,966.25,349340
360ONE,2025-03-04 18:30:00,982.6,1003.05,977.0,983.5,983.5,778300
360ONE,2025-03-03 18:30:00,970.0,1001.3,970.0,983.05,983.05,1119762
MPHASIS,2025-03-09 18:30:00,2276.15,2317.5,2248.5,2265.0,2265.0,352043
MPHASIS,2025-03-06 18:30:00,2320.1,2329.95,2275.0,2302.25,2302.25,314701
MPHASIS,2025-03-05 18:30:00,2315.8,2369.9,2315.8,2343.0,2343.0,560584
MPHASIS,2025-03-04 18:30:00,2173.0,2336.0,2173.0,2307.85,2307.85,582517
MPHASIS,2025-03-03 18:30:00,2240.0,2269.9,2183.05,2246.6,2246.6,541824
PAGEIND,2025-03-09 18:30:00,40200.0,40388.65,39627.65,39878.45,39878.45,13944
PAGEIND,2025-03-06 18:30:00,40790.0,40826.0,39992.65,40067.15,40067.15,18542
PAGEIND,2025-03-05 18:30:00,41490.0,41490.0,40352.0,40595.35,40595.35,27404
PAGEIND,2025-03-04 18:30:00,40065.15,41255.0,40065.1,41042.65,41042.65,20278
PAGEIND,2025-03-03 18:30:00,40290.0,40649.9,39445.0,40319.8,40319.8,28042
NAUKRI,2025-03-09 18:30:00,6833.85,6908.5,6570.0,6588.1,6588.1,275667
NAUKRI,2025-03-06 18:30:00,6900.0,6979.0,6764.0,6833.85,6833.85,184318
NAUKRI,2025-03-05 18:30:00,6814.0,7029.85,6814.0,6906.35,6906.35,314308
NAUKRI,2025-03-04 18:30:00,6720.75,6859.0,6700.0,6789.9,6789.9,407219
NAUKRI,2025-03-03 18:30:00,6861.5,6869.55,6662.45,6762.15,6762.15,246222
SBILIFE,2025-03-09 18:30:00,1419.0,1427.75,1404.35,1419.45,1419.45,1092967
SBILIFE,2025-03-06 18:30:00,1421.35,1446.2,1406.55,1411.6,1411.6,901496
SBILIFE,2025-03-05 18:30:00,1417.1,1426.4,1395.0,1421.3,1421.3,1606815
SBILIFE,2025-03-04 18:30:00,1391.15,1424.0,1379.85,1420.7,1420.7,1118219
SBILIFE,2025-03-03 18:30:00,1392.2,1415.0,1390.0,1393.1,1393.1,977231
APARINDS,2025-03-09 18:30:00,6250.0,6382.55,5651.35,5691.4,5691.4,303111
APARINDS,2025-03-06 18:30:00,5699.05,6217.35,5650.0,6106.6,6106.6,333555
APARINDS,2025-03-05 18:30:00,5840.0,5940.0,5650.0,5722.55,5722.55,230094
APARINDS,2025-03-04 18:30:00,5720.0,5919.4,5652.15,5799.35,5799.35,218017
APARINDS,2025-03-03 18:30:00,5608.05,5941.2,5608.05,5766.7,5766.7,139377
BOSCHLTD,2025-03-09 18:30:00,27005.0,27250.0,26610.15,26799.35,26799.35,17291
BOSCHLTD,2025-03-06 18:30:00,27070.05,27391.9,26850.0,27033.4,27033.4,18774
BOSCHLTD,2025-03-05 18:30:00,27299.0,27311.95,26850.0,27070.05,27070.05,31682
BOSCHLTD,2025-03-04 18:30:00,26005.0,27121.55,26005.0,27073.45,27073.45,37194
BOSCHLTD,2025-03-03 18:30:00,26504.35,26647.75,26066.6,26259.7,26259.7,31707
BHARATFORG,2025-03-09 18:30:00,1092.65,1099.0,1062.9,1068.9,1068.9,717330
BHARATFORG,2025-03-06 18:30:00,1086.65,1099.0,1083.05,1087.8,1087.8,1212897
BHARATFORG,2025-03-05 18:30:00,1075.0,1090.0,1066.95,1086.45,1086.45,896629
BHARATFORG,2025-03-04 18:30:00,1020.0,1059.7,1004.0,1057.1,1057.1,677358
BHARATFORG,2025-03-03 18:30:00,1010.3,1032.75,1006.25,1022.8,1022.8,708878
INDUSINDBK,2025-03-09 18:30:00,895.0,913.35,881.1,900.5,900.5,16014401
INDUSINDBK,2025-03-06 18:30:00,971.0,976.6,932.3,936.75,936.75,7737031
INDUSINDBK,2025-03-05 18:30:00,976.0,984.1,962.2,971.7,971.7,3928358
INDUSINDBK,2025-03-04 18:30:00,984.25,995.25,970.65,971.85,971.85,3944062
INDUSINDBK,2025-03-03 18:30:00,978.0,1003.6,966.95,987.6,987.6,3271190
PIIND,2025-03-09 18:30:00,3225.0,3292.05,3205.05,3253.65,3253.65,381671
PIIND,2025-03-06 18:30:00,3195.0,3312.05,3044.7,3219.1,3219.1,1416296
PIIND,2025-03-05 18:30:00,3150.0,3265.25,3148.05,3255.6,3255.6,348644
PIIND,2025-03-04 18:30:00,3035.0,3156.45,3025.1,3145.35,3145.35,310633
PIIND,2025-03-03 18:30:00,2980.0,3051.25,2964.95,3040.7,3040.7,156264
LTF,2025-03-09 18:30:00,141.9,145.3,139.44,139.83,139.83,4843292
LTF,2025-03-06 18:30:00,141.1,143.2,140.85,141.71,141.71,3148608
LTF,2025-03-05 18:30:00,141.5,143.78,140.2,141.09,141.09,2855777
LTF,2025-03-04 18:30:00,138.5,140.86,137.79,139.7,139.7,3715864
LTF,2025-03-03 18:30:00,136.95,139.39,134.13,138.88,138.88,3938622
LODHA,2025-03-09 18:30:00,1118.0,1128.0,1072.05,1075.7,1075.7,1119938
LODHA,2025-03-06 18:30:00,1138.15,1149.9,1103.6,1113.0,1113.0,1292906
LODHA,2025-03-05 18:30:00,1158.0,1172.75,1132.0,1138.15,1138.15,779868
LODHA,2025-03-04 18:30:00,1115.0,1159.9,1111.9,1152.5,1152.5,734447
LODHA,2025-03-03 18:30:00,1120.85,1135.35,1087.05,1117.95,1117.95,1162488
RECLTD,2025-03-09 18:30:00,406.2,413.2,392.55,394.2,394.2,7602276
RECLTD,2025-03-06 18:30:00,412.1,415.0,403.6,406.2,406.2,7026343
RECLTD,2025-03-05 18:30:00,409.0,418.1,408.0,413.15,413.15,11770195
RECLTD,2025-03-04 18:30:00,386.0,404.0,385.1,402.2,402.2,9788815
RECLTD,2025-03-03 18:30:00,373.5,391.55,366.0,386.9,386.9,11737034
MFSL,2025-03-09 18:30:00,1038.55,1046.3,1026.1,1039.9,1039.9,400507
MFSL,2025-03-06 18:30:00,1027.3,1043.65,1017.2,1036.6,1036.6,642199
MFSL,2025-03-05 18:30:00,1010.05,1036.0,1010.0,1025.4,1025.4,851164
MFSL,2025-03-04 18:30:00,1001.4,1018.0,994.0,1014.55,1014.55,2044157
MFSL,2025-03-03 18:30:00,977.35,1008.75,970.45,1003.3,1003.3,3303985
NAM-INDIA,2025-03-09 18:30:00,530.0,533.8,518.0,521.65,521.65,811234
NAM-INDIA,2025-03-06 18:30:00,531.0,540.8,527.2,528.95,528.95,1307707
NAM-INDIA,2025-03-05 18:30:00,540.55,543.6,532.4,535.9,535.9,1062765
NAM-INDIA,2025-03-04 18:30:00,520.0,541.4,516.8,538.6,538.6,1262631
NAM-INDIA,2025-03-03 18:30:00,513.9,526.0,506.35,519.25,519.25,964105
FORTIS,2025-03-09 18:30:00,631.1,635.8,611.25,621.3,621.3,972185
FORTIS,2025-03-06 18:30:00,644.2,654.1,627.0,629.5,629.5,1197982
FORTIS,2025-03-05 18:30:00,666.0,669.65,643.0,648.65,648.65,4162778
FORTIS,2025-03-04 18:30:00,643.05,673.65,630.15,661.5,661.5,3088536
FORTIS,2025-03-03 18:30:00,627.45,656.0,620.0,639.1,639.1,2348928
ESCORTS,2025-03-09 18:30:00,3010.15,3031.0,2922.3,2931.75,2931.75,231262
ESCORTS,2025-03-06 18:30:00,3082.05,3099.0,3002.2,3011.1,3011.1,107291
ESCORTS,2025-03-05 18:30:00,3040.0,3090.0,3000.0,3082.05,3082.05,176488
ESCORTS,2025-03-04 18:30:00,2979.9,3038.7,2959.4,3033.05,3033.05,75557
ESCORTS,2025-03-03 18:30:00,2940.0,2964.8,2881.25,2959.4,2959.4,54994
NHPC,2025-03-09 18:30:00,77.4,78.5,75.31,75.8,75.8,11591159
NHPC,2025-03-06 18:30:00,77.41,78.15,76.63,77.03,77.03,10946561
NHPC,2025-03-05 18:30:00,77.0,77.82,76.5,77.51,77.51,10895125
NHPC,2025-03-04 18:30:00,74.0,76.56,74.0,76.35,76.35,15168229
NHPC,2025-03-03 18:30:00,72.98,74.4,72.43,73.57,73.57,15915861
ASTRAL,2025-03-09 18:30:00,1323.0,1337.8,1280.1,1289.15,1289.15,409891
ASTRAL,2025-03-06 18:30:00,1327.35,1351.45,1327.25,1332.65,1332.65,333456
ASTRAL,2025-03-05 18:30:00,1322.35,1337.55,1316.15,1330.7,1330.7,435999
ASTRAL,2025-03-04 18:30:00,1304.25,1332.95,1303.95,1317.85,1317.85,732223
ASTRAL,2025-03-03 18:30:00,1338.0,1346.0,1282.2,1306.85,1306.85,876471
HAVELLS,2025-03-09 18:30:00,1470.0,1498.15,1463.95,1469.1,1469.1,1125377
HAVELLS,2025-03-06 18:30:00,1450.75,1469.5,1441.05,1460.55,1460.55,527443
HAVELLS,2025-03-05 18:30:00,1457.0,1478.1,1446.0,1450.75,1450.75,1036317
HAVELLS,2025-03-04 18:30:00,1409.95,1457.95,1406.75,1443.2,1443.2,768353
HAVELLS,2025-03-03 18:30:00,1405.0,1428.4,1394.15,1407.1,1407.1,710232
BRITANNIA,2025-03-09 18:30:00,4749.0,4823.95,4710.05,4737.7,4737.7,290019
BRITANNIA,2025-03-06 18:30:00,4690.0,4765.0,4660.0,4748.25,4748.25,191644
BRITANNIA,2025-03-05 18:30:00,4725.0,4799.9,4654.65,4702.55,4702.55,460852
BRITANNIA,2025-03-04 18:30:00,4579.9,4735.2,4560.0,4722.15,4722.15,350741
BRITANNIA,2025-03-03 18:30:00,4530.05,4581.0,4506.0,4575.2,4575.2,321501
BLUESTARCO,2025-03-09 18:30:00,2101.0,2139.5,2065.0,2082.55,2082.55,644563
BLUESTARCO,2025-03-06 18:30:00,2158.95,2202.35,2088.65,2100.75,2100.75,926367
BLUESTARCO,2025-03-05 18:30:00,2148.45,2167.7,2080.6,2144.15,2144.15,1334284
BLUESTARCO,2025-03-04 18:30:00,2121.7,2157.9,2053.45,2131.2,2131.2,1225509
BLUESTARCO,2025-03-03 18:30:00,2000.0,2216.7,1983.5,2100.65,2100.65,3758035
DMART,2025-03-09 18:30:00,3600.0,3624.95,3548.2,3603.75,3603.75,327825
DMART,2025-03-06 18:30:00,3568.0,3636.3,3549.95,3593.6,3593.6,681832
DMART,2025-03-05 18:30:00,3505.0,3552.0,3475.0,3540.5,3540.5,797590
DMART,2025-03-04 18:30:00,3408.4,3505.0,3408.4,3474.5,3474.5,417930
DMART,2025-03-03 18:30:00,3429.7,3460.0,3400.0,3408.4,3408.4,637407
GLENMARK,2025-03-09 18:30:00,1404.0,1414.85,1386.75,1403.1,1403.1,678733
GLENMARK,2025-03-06 18:30:00,1396.7,1415.0,1380.0,1404.4,1404.4,343691
GLENMARK,2025-03-05 18:30:00,1388.35,1410.0,1381.0,1396.7,1396.7,363377
GLENMARK,2025-03-04 18:30:00,1321.35,1390.15,1321.35,1388.0,1388.0,635666
GLENMARK,2025-03-03 18:30:00,1300.0,1338.95,1288.55,1334.25,1334.25,273964
THERMAX,2025-03-09 18:30:00,3386.2,3480.95,3314.5,3332.7,3332.7,129224
THERMAX,2025-03-06 18:30:00,3280.05,3392.0,3280.05,3359.8,3359.8,92818
THERMAX,2025-03-05 18:30:00,3235.95,3388.5,3235.95,3300.0,3300.0,93856
THERMAX,2025-03-04 18:30:00,3204.0,3248.4,3187.1,3237.0,3237.0,114420
THERMAX,2025-03-03 18:30:00,3136.1,3284.4,3125.8,3204.45,3204.45,70372
JUBLFOOD,2025-03-09 18:30:00,601.0,606.9,594.8,601.3,601.3,1721049
JUBLFOOD,2025-03-06 18:30:00,611.0,611.95,594.5,602.8,602.8,2449005
JUBLFOOD,2025-03-05 18:30:00,627.0,632.8,604.6,609.45,609.45,3028625
JUBLFOOD,2025-03-04 18:30:00,602.25,626.35,602.25,621.35,621.35,2177307
JUBLFOOD,2025-03-03 18:30:00,630.05,632.55,608.35,610.25,610.25,1677589
GODREJPROP,2025-03-09 18:30:00,1996.0,2026.5,1960.6,1974.15,1974.15,616960
GODREJPROP,2025-03-06 18:30:00,2055.0,2082.85,1997.55,2008.35,2008.35,717411
GODREJPROP,2025-03-05 18:30:00,2111.0,2114.9,2052.3,2064.9,2064.9,829916
GODREJPROP,2025-03-04 18:30:00,2005.1,2080.0,2005.1,2075.3,2075.3,768929
GODREJPROP,2025-03-03 18:30:00,1991.0,2057.2,1945.55,2008.4,2008.4,1336739
PREMIERENE,2025-03-09 18:30:00,940.0,948.75,890.0,897.15,897.15,624450
PREMIERENE,2025-03-06 18:30:00,921.0,959.6,919.0,940.45,940.45,1080186
PREMIERENE,2025-03-05 18:30:00,910.5,926.85,905.55,923.2,923.2,1154720
PREMIERENE,2025-03-04 18:30:00,861.3,946.0,859.35,901.35,901.35,2479725
PREMIERENE,2025-03-03 18:30:00,844.95,882.0,838.0,857.5,857.5,831012
LLOYDSME,2025-03-09 18:30:00,1155.0,1176.7,1145.0,1155.65,1155.65,569950
LLOYDSME,2025-03-06 18:30:00,1110.15,1156.0,1110.15,1151.7,1151.7,814016
LLOYDSME,2025-03-05 18:30:00,1047.7,1120.0,1025.15,1103.6,1103.6,1029440
LLOYDSME,2025-03-04 18:30:00,979.7,1038.4,959.2,1027.8,1027.8,748721
LLOYDSME,2025-03-03 18:30:00,979.75,1008.45,957.1,970.6,970.6,555851
TORNTPOWER,2025-03-09 18:30:00,1332.0,1391.95,1332.0,1349.85,1349.85,833274
TORNTPOWER,2025-03-06 18:30:00,1326.0,1363.45,1320.15,1332.0,1332.0,620985
TORNTPOWER,2025-03-05 18:30:00,1311.0,1330.8,1301.35,1326.85,1326.85,349457
TORNTPOWER,2025-03-04 18:30:00,1268.0,1314.2,1268.0,1311.25,1311.25,385085
TORNTPOWER,2025-03-03 18:30:00,1248.5,1283.2,1225.0,1276.7,1276.7,395698
AJANTPHARM,2025-03-09 18:30:00,2560.05,2616.9,2509.0,2522.25,2522.25,103899
AJANTPHARM,2025-03-06 18:30:00,2569.95,2623.95,2548.7,2562.85,2562.85,75484
AJANTPHARM,2025-03-05 18:30:00,2568.0,2600.0,2527.95,2569.4,2569.4,90649
AJANTPHARM,2025-03-04 18:30:00,2455.05,2589.0,2455.05,2561.9,2561.9,229275
AJANTPHARM,2025-03-03 18:30:00,2402.0,2471.4,2380.45,2448.9,2448.9,112361
SRF,2025-03-09 18:30:00,2945.0,2964.85,2887.3,2938.15,2938.15,863371
SRF,2025-03-06 18:30:00,2860.9,2945.1,2847.1,2935.35,2935.35,1417602
SRF,2025-03-05 18:30:00,2859.95,2879.0,2822.95,2851.6,2851.6,404634
SRF,2025-03-04 18:30:00,2853.3,2885.0,2834.15,2844.85,2844.85,534732
SRF,2025-03-03 18:30:00,2819.9,2901.65,2782.15,2853.3,2853.3,499754
MOTILALOFS,2025-03-09 18:30:00,606.25,616.0,588.55,592.75,592.75,1166229
MOTILALOFS,2025-03-06 18:30:00,611.0,619.7,603.0,605.45,605.45,1474681
MOTILALOFS,2025-03-05 18:30:00,609.0,619.2,602.0,611.15,611.15,1747575
MOTILALOFS,2025-03-04 18:30:00,576.6,610.45,571.55,602.35,602.35,2588748
MOTILALOFS,2025-03-03 18:30:00,570.0,601.25,567.55,574.85,574.85,2207505
M&MFIN,2025-03-09 18:30:00,2183.25,2183.25,2183.25,2183.25,2183.25,1
M&MFIN,2025-03-09 18:30:00,274.6,281.55,270.65,272.15,272.15,1047404
M&MFIN,2025-03-06 18:30:00,2120.01,2130.0,2120.01,2130.0,2130.0,18
M&MFIN,2025-03-06 18:30:00,277.2,279.45,273.25,274.65,274.65,987210
M&MFIN,2025-03-05 18:30:00,280.4,281.15,276.6,279.1,279.1,1843697
M&MFIN,2025-03-05 18:30:00,2111.0,2120.0,2111.0,2120.0,2120.0,40
M&MFIN,2025-03-04 18:30:00,269.25,278.1,269.2,276.0,276.0,2018591
M&MFIN,2025-03-04 18:30:00,2100.0,2100.0,2100.0,2100.0,2100.0,1
M&MFIN,2025-03-03 18:30:00,269.5,270.95,264.0,266.55,266.55,1031583
PIDILITIND,2025-03-09 18:30:00,2751.2,2786.65,2720.0,2732.5,2732.5,311403
PIDILITIND,2025-03-06 18:30:00,2733.0,2765.75,2725.2,2751.2,2751.2,434533
PIDILITIND,2025-03-05 18:30:00,2707.15,2752.0,2707.15,2738.05,2738.05,574409
PIDILITIND,2025-03-04 18:30:00,2692.6,2738.1,2677.4,2692.95,2692.95,733366
PIDILITIND,2025-03-03 18:30:00,2672.0,2708.3,2642.45,2698.65,2698.65,349395
UPL,2025-03-09 18:30:00,631.45,637.0,611.85,615.45,615.45,1428305
UPL,2025-03-06 18:30:00,624.55,642.7,620.4,629.85,629.85,2073888
UPL,2025-03-05 18:30:00,634.9,639.25,622.7,624.7,624.7,1617185
UPL,2025-03-04 18:30:00,615.0,630.2,614.15,627.85,627.85,2367281
UPL,2025-03-03 18:30:00,607.0,619.6,607.0,613.4,613.4,1557537
BHARTIHEXA,2025-03-09 18:30:00,1342.95,1363.35,1322.0,1335.55,1335.55,355604
BHARTIHEXA,2025-03-06 18:30:00,1349.9,1387.9,1327.1,1343.05,1343.05,326368
BHARTIHEXA,2025-03-05 18:30:00,1369.0,1369.0,1331.0,1342.35,1342.35,542892
BHARTIHEXA,2025-03-04 18:30:00,1284.95,1460.0,1284.9,1381.3,1381.3,732664
BHARTIHEXA,2025-03-03 18:30:00,1268.6,1297.4,1257.9,1288.8,1288.8,323573
UNOMINDA,2025-03-09 18:30:00,867.05,877.0,849.15,855.75,855.75,709953
UNOMINDA,2025-03-06 18:30:00,871.0,884.5,861.6,870.65,870.65,489152
UNOMINDA,2025-03-05 18:30:00,855.5,878.3,855.5,870.95,870.95,373878
UNOMINDA,2025-03-04 18:30:00,835.05,855.75,828.0,853.5,853.5,519452
UNOMINDA,2025-03-03 18:30:00,812.0,846.7,795.25,835.05,835.05,1786489
UBL,2025-03-09 18:30:00,1946.95,1949.95,1882.45,1900.55,1900.55,170472
UBL,2025-03-06 18:30:00,1914.4,1931.65,1848.0,1922.3,1922.3,176597
UBL,2025-03-05 18:30:00,1904.1,1933.6,1886.65,1899.65,1899.65,248614
UBL,2025-03-04 18:30:00,1910.0,1910.0,1877.4,1890.95,1890.95,193727
UBL,2025-03-03 18:30:00,1908.0,1927.0,1876.0,1912.8,1912.8,146370
DALBHARAT,2025-03-09 18:30:00,1696.3,1706.25,1661.1,1673.7,1673.7,155288
DALBHARAT,2025-03-06 18:30:00,1705.5,1715.9,1680.5,1696.35,1696.35,180503
DALBHARAT,2025-03-05 18:30:00,1725.05,1733.0,1688.1,1713.9,1713.9,332628
DALBHARAT,2025-03-04 18:30:00,1669.2,1722.5,1669.2,1707.1,1707.1,225977
DALBHARAT,2025-03-03 18:30:00,1700.0,1705.85,1655.0,1699.25,1699.25,157910
ICICIGI,2025-03-09 18:30:00,1681.15,1715.0,1662.2,1699.6,1699.6,976837
ICICIGI,2025-03-06 18:30:00,1702.95,1704.9,1665.7,1686.95,1686.95,617116
ICICIGI,2025-03-05 18:30:00,1673.05,1713.0,1667.4,1702.3,1702.3,1924774
ICICIGI,2025-03-04 18:30:00,1639.7,1687.35,1620.15,1676.9,1676.9,1146442
ICICIGI,2025-03-03 18:30:00,1661.85,1661.85,1613.7,1639.7,1639.7,1212429
ABBOTINDIA,2025-03-09 18:30:00,30768.3,31099.95,30125.0,30629.6,30629.6,11926
ABBOTINDIA,2025-03-06 18:30:00,30990.0,31597.8,30630.65,30768.3,30768.3,12123
ABBOTINDIA,2025-03-05 18:30:00,31500.0,31573.25,30659.3,30983.15,30983.15,15991
ABBOTINDIA,2025-03-04 18:30:00,31539.9,31898.95,30854.45,31448.1,31448.1,20717
ABBOTINDIA,2025-03-03 18:30:00,31351.0,31750.0,30572.6,31539.9,31539.9,25847
MRF,2025-03-09 18:30:00,107839.0,108197.95,106174.75,106650.6,106650.6,5348
MRF,2025-03-06 18:30:00,107500.0,108650.0,107001.5,107202.95,107202.95,4698
MRF,2025-03-05 18:30:00,106995.5,108250.0,106500.05,107795.3,107795.3,5969
MRF,2025-03-04 18:30:00,102345.6,105962.5,102124.05,105805.5,105805.5,6770
MRF,2025-03-03 18:30:00,104900.0,105170.25,102351.0,102659.4,102659.4,13881
APLAPOLLO,2025-03-09 18:30:00,1458.25,1474.0,1421.9,1434.6,1434.6,372580
APLAPOLLO,2025-03-06 18:30:00,1463.25,1487.25,1450.0,1458.25,1458.25,304748
APLAPOLLO,2025-03-05 18:30:00,1465.15,1497.0,1455.0,1463.15,1463.15,234697
APLAPOLLO,2025-03-04 18:30:00,1405.0,1483.5,1405.0,1474.6,1474.6,576461
APLAPOLLO,2025-03-03 18:30:00,1420.0,1439.95,1400.0,1425.65,1425.65,681331
COROMANDEL,2025-03-09 18:30:00,1750.0,1784.0,1728.3,1749.05,1749.05,429888
COROMANDEL,2025-03-06 18:30:00,1736.0,1772.85,1735.0,1756.3,1756.3,366163
COROMANDEL,2025-03-05 18:30:00,1720.0,1754.0,1700.15,1732.7,1732.7,474985
COROMANDEL,2025-03-04 18:30:00,1597.0,1767.95,1596.5,1703.1,1703.1,2325195
COROMANDEL,2025-03-03 18:30:00,1656.6,1659.45,1602.2,1611.7,1611.7,424886
PRESTIGE,2025-03-09 18:30:00,1142.0,1158.65,1114.85,1123.95,1123.95,494350
PRESTIGE,2025-03-06 18:30:00,1166.0,1171.9,1129.05,1144.85,1144.85,1135938
PRESTIGE,2025-03-05 18:30:00,1191.0,1194.35,1160.1,1171.65,1171.65,590033
PRESTIGE,2025-03-04 18:30:00,1182.0,1215.65,1170.0,1178.15,1178.15,837734
PRESTIGE,2025-03-03 18:30:00,1166.05,1193.05,1147.35,1187.95,1187.95,493473
GODREJIND,2025-03-09 18:30:00,1109.8,1174.45,1099.95,1152.65,1152.65,2127128
GODREJIND,2025-03-06 18:30:00,1100.4,1127.0,1096.55,1109.8,1109.8,623395
GODREJIND,2025-03-05 18:30:00,1119.9,1119.9,1096.65,1100.4,1100.4,106017
GODREJIND,2025-03-04 18:30:00,996.0,1119.2,996.0,1108.7,1108.7,181119
GODREJIND,2025-03-03 18:30:00,1090.55,1107.8,1085.0,1101.5,1101.5,114949
ALKEM,2025-03-09 18:30:00,4738.0,4757.0,4608.0,4632.5,4632.5,102551
ALKEM,2025-03-06 18:30:00,4730.0,4782.35,4675.05,4738.05,4738.05,186716
ALKEM,2025-03-05 18:30:00,4696.5,4780.0,4676.5,4746.2,4746.2,112602
ALKEM,2025-03-04 18:30:00,4610.0,4706.75,4572.15,4696.5,4696.5,257069
ALKEM,2025-03-03 18:30:00,4591.2,4634.0,4523.05,4614.65,4614.65,140023
CONCOR,2025-03-09 18:30:00,660.0,663.8,639.45,641.9,641.9,760033
CONCOR,2025-03-06 18:30:00,662.0,676.7,651.65,656.65,656.65,955503
CONCOR,2025-03-05 18:30:00,670.1,672.0,658.2,663.95,663.95,841278
CONCOR,2025-03-04 18:30:00,628.4,665.0,627.6,662.75,662.75,1559218
CONCOR,2025-03-03 18:30:00,620.6,634.2,613.0,628.4,628.4,1112462
IRCTC,2025-03-09 18:30:00,703.05,708.5,687.85,689.7,689.7,845259
IRCTC,2025-03-06 18:30:00,701.75,711.7,696.85,700.65,700.65,1087031
IRCTC,2025-03-05 18:30:00,699.7,707.1,697.0,702.35,702.35,867497
IRCTC,2025-03-04 18:30:00,673.05,695.95,673.05,695.15,695.15,1044963
IRCTC,2025-03-03 18:30:00,674.95,681.5,662.2,673.85,673.85,1320164
SUPREMEIND,2025-03-09 18:30:00,3408.0,3477.8,3304.55,3319.45,3319.45,217312
SUPREMEIND,2025-03-06 18:30:00,3399.45,3448.5,3369.95,3390.45,3390.45,196395
SUPREMEIND,2025-03-05 18:30:00,3400.0,3478.0,3379.0,3399.45,3399.45,185155
SUPREMEIND,2025-03-04 18:30:00,3360.0,3464.0,3336.35,3406.15,3406.15,460298
SUPREMEIND,2025-03-03 18:30:00,3420.0,3494.95,3358.0,3377.35,3377.35,273251
COLPAL,2025-03-09 18:30:00,2490.0,2524.95,2430.0,2440.45,2440.45,468995
COLPAL,2025-03-06 18:30:00,2435.0,2486.05,2423.45,2474.15,2474.15,286553
COLPAL,2025-03-05 18:30:00,2426.35,2457.8,2413.35,2452.1,2452.1,371337
COLPAL,2025-03-04 18:30:00,2390.0,2431.75,2388.05,2409.65,2409.65,645068
COLPAL,2025-03-03 18:30:00,2391.0,2406.15,2361.0,2390.15,2390.15,775523
OBEROIRLTY,2025-03-09 18:30:00,1543.15,1562.25,1512.4,1524.05,1524.05,515354
OBEROIRLTY,2025-03-06 18:30:00,1571.6,1577.1,1527.5,1543.15,1543.15,419309
OBEROIRLTY,2025-03-05 18:30:00,1590.0,1593.1,1546.5,1565.05,1565.05,461985
OBEROIRLTY,2025-03-04 18:30:00,1515.0,1572.25,1515.0,1569.35,1569.35,584437
OBEROIRLTY,2025-03-03 18:30:00,1476.7,1528.95,1476.6,1515.0,1515.0,612214
BAJAJHLDNG,2025-03-09 18:30:00,11838.1,12015.0,11536.05,11637.2,11637.2,83095
BAJAJHLDNG,2025-03-06 18:30:00,11450.15,11907.95,11435.05,11774.95,11774.95,138683
BAJAJHLDNG,2025-03-05 18:30:00,11676.1,12095.0,11299.0,11361.95,11361.95,139333
BAJAJHLDNG,2025-03-04 18:30:00,11225.0,11595.0,11225.0,11560.0,11560.0,40281
BAJAJHLDNG,2025-03-03 18:30:00,11343.75,11444.95,11082.65,11209.15,11209.15,69989
PHOENIXLTD,2025-03-09 18:30:00,1568.4,1632.55,1548.2,1551.7,1551.7,1104212
PHOENIXLTD,2025-03-06 18:30:00,1584.9,1606.0,1550.0,1560.15,1560.15,515001
PHOENIXLTD,2025-03-05 18:30:00,1584.0,1601.15,1562.55,1575.65,1575.65,428061
PHOENIXLTD,2025-03-04 18:30:00,1550.0,1590.05,1545.15,1578.55,1578.55,645873
PHOENIXLTD,2025-03-03 18:30:00,1515.0,1559.95,1483.85,1551.9,1551.9,601184
SBICARD,2025-03-09 18:30:00,834.8,853.65,833.35,843.25,843.25,2287110
SBICARD,2025-03-06 18:30:00,837.05,846.0,830.7,834.8,834.8,466045
SBICARD,2025-03-05 18:30:00,850.0,850.0,836.35,839.05,839.05,852719
SBICARD,2025-03-04 18:30:00,831.3,848.0,829.1,844.0,844.0,1049981
SBICARD,2025-03-03 18:30:00,824.0,839.0,814.7,834.65,834.65,1175041
TATAINVEST,2025-03-09 18:30:00,6384.15,6480.0,6208.0,6229.65,6229.65,95027
TATAINVEST,2025-03-06 18:30:00,6150.0,6642.9,6136.7,6384.8,6384.8,376028
TATAINVEST,2025-03-05 18:30:00,6070.0,6265.75,6070.0,6198.3,6198.3,136886
TATAINVEST,2025-03-04 18:30:00,5994.0,6210.0,5993.0,6025.8,6025.8,110881
TATAINVEST,2025-03-03 18:30:00,5932.8,6235.0,5902.0,6006.55,6006.55,310112
AIIL,2025-03-09 18:30:00,1532.8,1532.8,1451.0,1468.7,1468.7,31790
AIIL,2025-03-06 18:30:00,1510.0,1525.6,1471.0,1510.15,1510.15,56302
AIIL,2025-03-05 18:30:00,1549.0,1549.0,1502.95,1516.75,1516.75,39672
AIIL,2025-03-04 18:30:00,1496.1,1549.0,1496.1,1518.0,1518.0,62960
AIIL,2025-03-03 18:30:00,1544.8,1590.0,1490.0,1512.8,1512.8,111252
CRISIL,2025-03-09 18:30:00,4500.0,4563.0,4380.0,4417.55,4417.55,29770
CRISIL,2025-03-06 18:30:00,4550.0,4613.0,4471.0,4488.95,4488.95,31561
CRISIL,2025-03-05 18:30:00,4448.35,4568.0,4444.0,4549.4,4549.4,30972
CRISIL,2025-03-04 18:30:00,4478.3,4512.0,4421.2,4439.55,4439.55,30075
CRISIL,2025-03-03 18:30:00,4422.0,4582.05,4322.55,4436.35,4436.35,59801
SHREECEM,2025-03-09 18:30:00,27985.2,28351.0,27780.9,27883.65,27883.65,15735
SHREECEM,2025-03-06 18:30:00,28061.75,28477.0,27900.05,27985.2,27985.2,15712
SHREECEM,2025-03-05 18:30:00,28200.0,28548.0,27974.65,28061.75,28061.75,22246
SHREECEM,2025-03-04 18:30:00,27440.0,28231.1,27159.5,28155.45,28155.45,30701
SHREECEM,2025-03-03 18:30:00,27362.5,27625.1,27151.05,27363.35,27363.35,74924
LTTS,2025-03-09 18:30:00,4823.0,4859.55,4627.9,4653.55,4653.55,57573
LTTS,2025-03-06 18:30:00,4838.2,4847.85,4778.15,4822.0,4822.0,56726
LTTS,2025-03-05 18:30:00,4788.95,4879.75,4754.15,4858.2,4858.2,102844
LTTS,2025-03-04 18:30:00,4448.45,4768.5,4448.45,4754.4,4754.4,171843
LTTS,2025-03-03 18:30:00,4451.15,4579.5,4431.7,4566.5,4566.5,99755
ACC,2025-03-09 18:30:00,1887.95,1918.0,1853.1,1860.6,1860.6,228962
ACC,2025-03-06 18:30:00,1869.85,1898.7,1858.6,1885.75,1885.75,445459
ACC,2025-03-05 18:30:00,1877.0,1879.0,1857.0,1869.85,1869.85,137956
ACC,2025-03-04 18:30:00,1827.0,1863.9,1822.55,1857.25,1857.25,318341
ACC,2025-03-03 18:30:00,1816.8,1836.6,1801.0,1828.85,1828.85,165352
KPRMILL,2025-03-09 18:30:00,860.0,876.0,852.35,864.9,864.9,88716
KPRMILL,2025-03-06 18:30:00,875.0,877.0,861.25,865.5,865.5,390382
KPRMILL,2025-03-05 18:30:00,862.0,892.5,843.3,878.75,878.75,465326
KPRMILL,2025-03-04 18:30:00,814.0,856.8,797.2,852.95,852.95,473525
KPRMILL,2025-03-03 18:30:00,780.0,824.3,755.5,814.8,814.8,450540
GLAXO,2025-03-09 18:30:00,2748.0,2798.2,2650.1,2660.8,2660.8,142096
GLAXO,2025-03-06 18:30:00,2690.2,2780.0,2690.2,2751.6,2751.6,202498
GLAXO,2025-03-05 18:30:00,2689.05,2745.9,2675.2,2690.2,2690.2,219351
GLAXO,2025-03-04 18:30:00,2660.75,2777.0,2631.0,2693.3,2693.3,432828
GLAXO,2025-03-03 18:30:00,2501.0,2675.0,2482.15,2647.55,2647.55,287521
JKCEMENT,2025-03-09 18:30:00,4407.55,4441.9,4314.2,4397.45,4397.45,161111
JKCEMENT,2025-03-06 18:30:00,4451.0,4495.85,4401.5,4421.55,4421.55,141631
JKCEMENT,2025-03-05 18:30:00,4452.2,4528.65,4435.0,4505.1,4505.1,106916
JKCEMENT,2025-03-04 18:30:00,4372.0,4506.4,4372.0,4464.1,4464.1,419024
JKCEMENT,2025-03-03 18:30:00,4390.2,4434.0,4378.05,4405.6,4405.6,57166
LINDEINDIA,2025-03-09 18:30:00,6226.0,6332.7,6063.25,6075.7,6075.7,37848
LINDEINDIA,2025-03-06 18:30:00,6050.0,6273.0,6042.55,6222.1,6222.1,42301
LINDEINDIA,2025-03-05 18:30:00,6207.0,6313.6,6050.0,6082.3,6082.3,41156
LINDEINDIA,2025-03-04 18:30:00,5950.0,6169.3,5950.0,6146.15,6146.15,57843
LINDEINDIA,2025-03-03 18:30:00,5790.0,6124.9,5779.75,5946.3,5946.3,67506
SCHAEFFLER,2025-03-09 18:30:00,3273.05,3291.65,3215.2,3278.9,3278.9,66877
SCHAEFFLER,2025-03-06 18:30:00,3253.7,3322.0,3239.0,3274.9,3274.9,55078
SCHAEFFLER,2025-03-05 18:30:00,3215.05,3278.0,3199.5,3252.6,3252.6,47510
SCHAEFFLER,2025-03-04 18:30:00,3200.0,3296.0,3128.1,3239.75,3239.75,57138
SCHAEFFLER,2025-03-03 18:30:00,3050.0,3345.0,3050.0,3212.7,3212.7,531383
HONAUT,2025-03-09 18:30:00,36200.0,36200.0,34280.05,34499.45,34499.45,3604
HONAUT,2025-03-06 18:30:00,35140.85,36011.25,35140.85,35812.8,35812.8,3734
HONAUT,2025-03-05 18:30:00,34500.0,35290.0,34500.0,35140.85,35140.85,3452
HONAUT,2025-03-04 18:30:00,33612.1,34642.7,33612.1,34314.3,34314.3,6496
HONAUT,2025-03-03 18:30:00,33500.0,34060.75,33409.15,33612.1,33612.1,2536
BALKRISIND,2025-03-09 18:30:00,2579.65,2600.0,2535.0,2555.85,2555.85,322788
BALKRISIND,2025-03-06 18:30:00,2562.7,2611.3,2530.05,2559.6,2559.6,285474
BALKRISIND,2025-03-05 18:30:00,2528.0,2567.95,2514.05,2557.7,2557.7,459239
BALKRISIND,2025-03-04 18:30:00,2536.4,2604.45,2485.05,2497.2,2497.2,396362
BALKRISIND,2025-03-03 18:30:00,2551.0,2552.25,2474.85,2526.9,2526.9,516915
SUNDARMFIN,2025-03-09 18:30:00,4430.0,4524.1,4347.0,4404.4,4404.4,59552
SUNDARMFIN,2025-03-06 18:30:00,4480.0,4507.45,4401.0,4435.7,4435.7,47797
SUNDARMFIN,2025-03-05 18:30:00,4600.0,4624.9,4402.15,4445.8,4445.8,56250
SUNDARMFIN,2025-03-04 18:30:00,4508.05,4597.2,4508.05,4535.2,4535.2,54883
SUNDARMFIN,2025-03-03 18:30:00,4454.95,4635.5,4407.4,4587.05,4587.05,82124
FLUOROCHEM,2025-03-09 18:30:00,3730.6,3846.0,3725.05,3817.45,3817.45,115868
FLUOROCHEM,2025-03-06 18:30:00,3752.05,3780.0,3692.15,3730.6,3730.6,99347
FLUOROCHEM,2025-03-05 18:30:00,3769.8,3769.8,3677.2,3742.05,3742.05,37827
FLUOROCHEM,2025-03-04 18:30:00,3517.75,3739.95,3517.75,3706.2,3706.2,83955
FLUOROCHEM,2025-03-03 18:30:00,3400.0,3567.0,3400.0,3538.2,3538.2,65355
AIAENG,2025-03-09 18:30:00,3125.0,3168.95,3115.55,3146.3,3146.3,15646
AIAENG,2025-03-06 18:30:00,3177.4,3206.55,3125.0,3135.85,3135.85,26370
AIAENG,2025-03-05 18:30:00,3139.0,3237.65,3139.0,3177.4,3177.4,38224
AIAENG,2025-03-04 18:30:00,3133.15,3152.0,3104.85,3138.45,3138.45,24376
AIAENG,2025-03-03 18:30:00,3140.0,3150.45,3116.35,3133.15,3133.15,23381
3MINDIA,2025-03-09 18:30:00,27750.1,27900.05,27095.0,27468.15,27468.15,3931
3MINDIA,2025-03-06 18:30:00,27904.9,28322.0,27555.2,27723.3,27723.3,4144
3MINDIA,2025-03-05 18:30:00,27781.65,28126.45,27580.2,27904.9,27904.9,5253
3MINDIA,2025-03-04 18:30:00,25971.15,28494.7,25769.5,27781.65,27781.65,11567
3MINDIA,2025-03-03 18:30:00,26161.0,26380.0,25730.0,25982.5,25982.5,4679
